EventDataID,EventID,ContentID,CustomerID,EventTypeID,EventDate,Quantity,InsertDate
3238233077,2772257058,307510324,3364267144,1,2023-08-25,3,2022-07-23 22:36:16
2213114456,2332328274,1433564120,1464520610,5,2022-08-31,2,2023-06-02 20:20:40
3642791010,649324790,2117733979,2763894573,3,2022-05-26,5,2022-12-20 22:33:03
2828071137,3926302083,1528377152,1346308732,2,2023-01-29,9,2022-03-27 17:32:17
485731589,3373056861,1592708283,47100164,5,2022-07-22,3,2022-06-05 10:41:04
1968664258,190631657,3021692382,2341023594,5,2022-08-07,5,2022-12-12 19:58:51
88358262,1594894024,1932394581,4126396998,6,2022-04-23,8,2023-02-10 18:52:19
905568957,2520739788,1453582800,657008307,1,2022-01-29,6,2023-06-07 15:35:56
2185303498,3915129014,3730806614,575776224,6,2022-05-01,8,2023-06-18 10:19:20
996803523,496425596,621173276,1083894818,4,2023-06-14,3,2022-05-03 04:07:52
3573278823,2782880844,2050620422,2710244171,2,2023-06-19,7,2022-04-13 09:43:37
2982575609,1415106960,3217877481,2261078060,6,2023-06-15,7,2023-04-22 16:51:49
679952630,3999923105,804792195,1227821286,6,2022-06-20,2,2022-06-07 06:49:34
3027477204,3927872852,748359439,604487726,6,2023-06-27,1,2023-07-04 09:14:24
980538613,3551415110,4007678247,2849218319,3,2022-02-01,6,2022-08-24 00:08:01
2702980242,3842547211,2781901083,264778866,2,2022-03-25,4,2023-06-21 00:26:21
692932916,301504687,3669005930,2704903228,1,2023-08-02,5,2022-12-23 16:39:59
323859274,1582585089,2862999643,1436366880,1,2022-08-02,1,2023-03-16 14:30:06
1644286797,3842969135,1665737823,2468637475,4,2022-11-13,9,2022-02-01 12:51:45
444652036,470549802,1273382823,1758242694,1,2023-06-05,4,2023-07-29 11:02:16
2615071027,3865096443,2493820116,3890967553,3,2023-08-31,1,2023-08-25 07:50:40
1201372710,3905023441,2828904918,1027277606,5,2022-02-21,2,2023-04-25 21:16:10
4294882690,3991473864,1478661598,3508319114,5,2022-11-14,8,2022-05-31 18:15:16
3735688562,1090892435,1726958166,2065908675,5,2022-08-21,9,2022-12-23 16:22:31
3384012701,1508002501,2141683634,3413793184,1,2022-03-16,3,2022-03-07 23:32:39
1595636237,4164789325,3907092242,2121406922,6,2022-03-22,8,2022-06-02 19:35:51
558829070,3042078001,3870221597,226795679,4,2023-07-18,6,2022-05-11 01:28:24
3917992270,1855944347,3200286009,2718693348,2,2022-03-06,8,2022-11-01 06:15:55
2324679009,585790829,797631321,1121712404,4,2022-11-10,10,2023-05-22 08:20:06
3743328615,3017049405,2611935907,1951869915,4,2023-05-19,2,2022-08-18 01:23:10
1408620536,2469522329,2239869400,1884440903,3,2023-03-27,10,2022-06-05 14:25:16
1677191316,784151850,61866409,2911871049,1,2022-11-22,8,2022-05-03 08:58:04
4137324677,1957616363,2240823384,2519905500,4,2022-05-24,1,2022-09-28 17:08:42
2899740539,394925858,2522484199,1432194119,1,2022-02-16,9,2022-08-16 19:51:27
953196503,3686511506,473442991,3478831574,2,2022-11-29,6,2022-12-31 07:59:46
1941880013,2181351746,212362566,3105137018,6,2023-01-25,5,2022-07-27 08:19:03
1094078264,1568360544,2800904709,2721119947,4,2022-11-16,7,2022-05-13 21:49:45
3215719434,719993205,3908630540,1465658447,2,2022-10-30,8,2022-03-02 22:12:50
647576339,3082311382,1430603129,3628458711,5,2023-08-18,4,2023-03-14 21:16:03
2645795191,2103814275,277188469,4032115804,4,2023-02-12,5,2022-12-15 13:34:58
279376771,3279683587,1021361037,2208168417,2,2023-07-22,1,2022-10-03 06:17:59
268491,4243593828,2674236320,239491742,1,2022-08-20,6,2023-01-15 10:01:25
642847371,2108088716,949386473,2365781742,2,2023-02-07,3,2022-10-04 03:30:47
2164377901,766922297,3295686474,381014247,2,2022-04-22,4,2023-08-15 15:52:40
3091715183,4283758787,2791577207,2898507095,2,2023-01-15,9,2022-12-11 12:56:31
434054307,1316755770,3991323989,1450261158,2,2023-04-09,6,2022-10-14 10:43:01
2024577562,546613456,3747351757,1515153703,2,2022-08-17,3,2022-11-14 09:21:37
3408922116,4120679821,649498502,1265244188,4,2023-07-30,5,2023-03-01 22:10:19
3285465751,2710037062,1045946954,2460454183,4,2022-06-03,8,2022-02-28 11:41:46
3924512615,997501356,2687984959,1043660008,3,2022-12-31,9,2022-09-01 03:47:44
765854391,2759492244,1665737823,2370943152,1,2023-09-01,2,2022-04-30 06:22:41
616055297,3504583502,1528377152,4056567237,2,2023-03-19,6,2023-06-07 20:31:13
897123966,664452543,2239869400,1390459574,1,2023-02-20,8,2022-10-24 21:15:53
3379687277,182784442,1430603129,2929596529,3,2023-04-25,8,2022-09-24 23:03:57
905545363,2335541770,3200286009,1104918029,2,2022-05-15,10,2022-04-06 23:35:18
3075832885,3088525291,1932394581,823836768,3,2022-02-27,5,2022-10-25 10:56:26
2495540927,385492144,3907092242,2761080817,4,2023-01-08,8,2022-09-19 02:08:21
965187675,4183831187,1726958166,2610803243,5,2023-05-24,5,2023-04-28 14:54:56
2684921883,1029737766,3747351757,2911006336,2,2023-02-13,4,2023-05-01 03:17:52
1386423666,3405500125,2050620422,31523352,5,2023-08-18,6,2022-08-11 14:18:12
287397519,104600593,61866409,4248671221,3,2023-07-20,4,2022-06-09 01:32:53
3467262760,4006181392,2828904918,2567881544,4,2023-02-28,9,2022-12-07 11:16:05
360798904,4140834114,3021692382,1942124562,3,2023-07-21,8,2023-08-17 21:20:27
15933642,355323929,1478661598,357966074,5,2022-04-05,8,2023-03-12 12:50:03
1203890941,1111814343,2791577207,594338909,4,2022-07-08,8,2023-01-09 23:31:38
3673347724,435555532,649498502,3220849372,2,2023-02-01,6,2023-09-06 19:02:03
2191718189,1497247041,3908630540,1612810483,4,2023-05-12,3,2022-09-13 08:21:36
1654353656,1820441471,2687984959,3982037173,2,2022-02-06,3,2023-05-06 22:09:21
989046956,1248171419,1045946954,3151781133,6,2022-09-01,5,2022-12-31 23:09:54
3368590317,1151429969,1453582800,4248362540,1,2022-12-05,6,2022-07-31 03:58:57
863031142,904100401,949386473,1260630246,1,2023-01-12,5,2022-06-19 02:20:40
582175246,3237781973,307510324,4102663684,6,2023-08-08,2,2022-07-12 21:36:43
639258554,303653796,3730806614,3572702184,2,2023-07-17,6,2023-01-11 17:26:16
222422561,2417963751,1592708283,3703679803,6,2023-03-05,10,2023-06-23 12:33:07
3544706577,2693709884,2493820116,2571278564,2,2022-05-20,6,2022-05-30 15:30:36
1520550867,2211476508,1433564120,970845367,2,2023-07-17,9,2022-07-03 18:54:29
4138901126,2326331304,3991323989,3668512368,5,2022-08-14,8,2022-04-10 06:05:25
635667085,953618939,473442991,4294276196,4,2023-02-01,3,2023-01-21 18:16:56
696373607,2576667397,2674236320,4017881790,6,2022-09-20,2,2023-07-24 07:14:31
3708948141,4292968194,2141683634,4184872102,4,2022-11-18,6,2023-01-13 13:57:40
2364669079,1642524137,748359439,1666839758,2,2023-07-20,5,2023-02-20 05:20:31
3409217787,2603075534,2611935907,1241367180,5,2022-07-02,5,2022-06-06 23:59:19
2597401727,1028050678,1273382823,2968497708,3,2023-04-02,9,2022-03-02 18:42:13
1197758859,817329034,2800904709,634854714,6,2023-01-27,8,2022-08-12 04:09:57
3402604470,4104675121,1021361037,3368910340,4,2022-11-24,6,2022-07-31 07:04:04
3601141593,206015799,3870221597,1090573693,4,2022-09-21,1,2022-06-29 01:13:17
1015113479,2870583676,2522484199,3610422985,2,2022-06-08,10,2022-04-22 16:01:41
152185772,2848284713,3669005930,3393369750,2,2022-02-23,4,2022-03-02 09:08:42
4038800688,2693525397,277188469,1610325884,1,2022-02-23,6,2022-08-03 08:43:54
3950972438,3204187534,3295686474,806911449,4,2022-06-21,1,2022-10-09 00:49:34
1949651760,4167844832,2240823384,1624542786,3,2023-02-07,6,2022-11-29 08:20:09
3596744970,460470362,804792195,1028093183,6,2023-08-07,6,2022-06-03 03:45:58
150072813,1971724966,797631321,4294342016,5,2022-12-20,1,2023-02-19 12:25:56
2687488134,876328454,2117733979,1328058629,3,2022-06-30,8,2022-11-22 00:57:04
1467128636,926205499,621173276,3096555635,3,2023-05-31,4,2023-01-21 08:06:09
2238837621,1422513417,3217877481,2895381341,2,2023-04-12,7,2022-12-28 06:47:33
596760991,2240672194,212362566,319431410,6,2023-06-20,2,2023-06-29 17:35:01
701098541,3047794615,2862999643,1013954279,3,2022-06-15,2,2022-12-21 11:22:06
839184945,907467618,4007678247,4012449869,1,2022-09-18,3,2022-04-09 01:12:43
132149632,3502626540,2781901083,1090549302,1,2023-09-03,8,2023-02-03 15:27:44
2591013404,3343695015,1430603129,575776224,4,2022-09-15,5,2022-03-26 18:33:06
1650147803,4148395468,649498502,2341023594,4,2023-08-18,9,2023-07-15 19:50:00
630772105,2852039491,3747351757,1884440903,2,2022-03-08,5,2022-03-19 21:41:30
3299499434,2594332719,1726958166,2261078060,3,2022-10-09,3,2022-05-07 01:04:07
3921167574,8301982,1045946954,3668512368,5,2022-12-28,8,2023-07-29 05:35:40
3088572872,1859573283,473442991,1104918029,4,2023-01-21,3,2023-06-21 08:01:59
2219941524,3090239379,2611935907,594338909,2,2022-05-12,10,2023-05-03 10:00:14
3066881408,2390556723,3200286009,2718693348,2,2022-03-27,6,2022-07-25 18:52:11
1882279235,2575595266,2050620422,2911006336,6,2022-08-13,7,2023-01-02 15:28:16
2862858144,2399617013,1478661598,2571278564,4,2022-11-13,1,2022-07-30 00:11:51
1921964815,1667587368,804792195,2610803243,2,2023-01-03,9,2023-04-10 08:32:44
3624947539,1804914311,2240823384,3572702184,4,2022-10-12,1,2023-08-27 12:52:30
2340689324,4009637106,4007678247,4294342016,2,2023-03-19,1,2023-06-08 19:32:26
3119907463,1082366771,3669005930,1666839758,3,2022-08-31,10,2023-02-28 03:16:24
2327190335,2807100187,61866409,2121406922,2,2023-08-27,6,2022-08-23 09:21:07
902548920,468979099,3217877481,2365781742,2,2023-08-13,6,2023-07-25 02:45:31
2555646650,581105639,2141683634,2898507095,2,2022-08-21,3,2022-10-27 01:07:59
2139678629,2238638460,277188469,1464520610,6,2022-05-19,7,2022-07-15 23:44:14
3666523604,3155984674,1021361037,4017881790,4,2022-08-22,4,2022-07-06 11:53:40
3380126349,2002052355,1528377152,1951869915,4,2023-04-05,2,2022-07-16 15:23:35
120063308,3464750664,3730806614,2968497708,6,2023-08-24,5,2023-06-11 19:37:14
231767889,1692294378,3021692382,1465658447,5,2023-07-08,4,2022-08-27 18:09:02
3860181617,1672540203,212362566,970845367,4,2023-03-14,5,2022-09-22 04:49:48
3105252900,3302693651,2828904918,47100164,4,2022-07-07,5,2022-10-09 17:41:08
1443660173,2676791534,3991323989,1027277606,4,2023-03-03,7,2022-07-22 21:56:27
1640682954,3441105212,1273382823,1515153703,4,2023-07-29,4,2022-11-15 22:24:54
2178707235,3250346868,949386473,1328058629,6,2022-07-29,9,2023-01-07 10:54:38
1171898445,149620540,2687984959,1758242694,4,2022-07-10,5,2022-06-12 13:08:42
2496329291,1189427471,1592708283,3478831574,6,2022-03-08,9,2022-03-03 00:14:51
2371980908,3813579384,307510324,3151781133,3,2022-05-14,7,2022-11-07 17:41:42
463499746,2563202372,1453582800,4248362540,6,2023-02-22,2,2022-05-28 01:33:53
662669898,2598652546,2862999643,2849218319,5,2022-12-30,10,2022-05-24 07:54:47
3162397385,1279318686,2781901083,1436366880,6,2022-11-23,6,2022-10-31 22:03:44
2491555932,217474211,621173276,2929596529,1,2022-07-09,10,2022-02-27 02:48:26
3206823284,2554265546,3870221597,1083894818,5,2022-08-31,2,2022-03-05 02:41:29
898576054,1104184548,2239869400,4012449869,3,2023-08-30,8,2023-03-18 13:31:07
1369798762,2349540376,2800904709,1450261158,2,2022-08-25,1,2023-05-15 06:22:16
3182249044,71243657,2674236320,1043660008,5,2022-08-16,1,2022-11-04 07:13:32
1322840800,1252322901,3907092242,3508319114,6,2022-06-12,2,2022-08-26 19:43:32
391575653,3186764814,1665737823,1624542786,5,2022-09-26,3,2023-04-16 04:24:17
1042830321,3955784078,2117733979,2370943152,3,2022-11-15,4,2022-03-23 04:14:27
1013145653,1720921122,3908630540,357966074,4,2022-03-11,10,2022-11-28 20:40:36
4143263412,206404128,2493820116,2763894573,3,2022-11-25,5,2023-06-14 04:15:32
4027023648,438509770,797631321,634854714,5,2023-02-12,3,2023-01-02 14:26:41
1534874703,74396848,2791577207,4184872102,4,2023-02-20,5,2022-11-15 22:52:06
3926528141,4282386702,748359439,1265244188,4,2022-12-22,4,2023-08-05 18:26:19
2483722391,1558275199,1932394581,1090573693,6,2022-12-20,7,2022-12-27 14:01:15
3379148000,4282665611,3295686474,3610422985,3,2023-02-04,7,2022-02-28 23:07:30
3964456869,1723046440,2522484199,2567881544,6,2023-02-15,8,2023-09-09 01:41:32
1937216845,1410618911,1433564120,3105137018,3,2022-04-18,3,2022-07-21 20:54:52
3535455572,1344490579,3021692382,3364267144,5,2022-04-18,1,2023-05-01 01:17:35
4043994691,1890073005,797631321,4294276196,5,2022-11-25,4,2023-07-06 08:49:21
3561753461,3400150743,3907092242,1390459574,1,2022-08-02,1,2022-09-11 16:19:14
3396734521,3626471974,4007678247,4248671221,6,2022-01-24,6,2023-06-16 06:51:16
2524620844,1331975344,1932394581,1121712404,5,2022-01-23,2,2023-01-17 20:09:44
3191915111,3648731993,61866409,604487726,3,2022-10-13,6,2022-10-06 08:37:08
1059535816,1133119184,2674236320,319431410,1,2023-02-18,1,2022-06-20 19:46:29
1765469696,852785429,1021361037,3393369750,1,2022-08-07,5,2023-07-31 01:10:23
734342006,1772166423,1045946954,2895381341,5,2022-10-15,8,2022-02-14 05:09:45
3426516863,2455727855,804792195,381014247,4,2022-12-11,1,2022-06-10 11:53:51
758145570,1419595057,2522484199,2761080817,3,2022-05-06,2,2023-08-03 20:41:46
1961560769,3060150409,2828904918,4032115804,4,2022-11-29,6,2022-07-21 08:56:27
4034882778,1559259952,2141683634,1241367180,5,2022-05-26,2,2022-08-16 06:30:31
2350474806,2819535895,1273382823,3890967553,6,2022-06-20,1,2022-02-26 06:31:33
3916309807,3457390394,277188469,3703679803,4,2023-08-26,5,2023-01-04 21:21:57
2502967822,838564187,473442991,1028093183,2,2023-03-12,3,2022-09-27 22:38:15
2451946241,2937435213,2687984959,3368910340,2,2023-03-10,10,2023-01-22 19:32:45
3069585926,1808077375,949386473,1013954279,2,2022-10-01,4,2022-02-15 06:00:35
104856787,3882660065,2800904709,806911449,1,2023-01-28,10,2023-05-30 14:04:51
1849930606,2576826688,1430603129,3413793184,1,2023-03-11,4,2023-07-08 20:02:43
1450720662,3574119833,1453582800,2468637475,1,2023-04-20,3,2022-04-02 08:45:32
1765773592,1474888097,1726958166,4102663684,5,2023-04-04,3,2023-03-24 07:46:53
1691869608,3878662922,1665737823,2065908675,4,2023-06-08,10,2022-04-23 15:32:20
1450200158,657203049,2862999643,2721119947,5,2023-06-19,4,2022-06-28 19:03:05
2280518373,887034556,3295686474,3096555635,3,2022-05-17,6,2022-05-20 05:46:59
3332548849,303864999,1478661598,1260630246,4,2023-07-20,10,2022-04-19 08:04:59
1100735952,1556080904,3747351757,1227821286,6,2023-08-27,3,2023-04-19 06:54:29
4163407450,2813064406,2239869400,1346308732,1,2022-11-06,5,2023-07-19 00:17:50
2710310254,721860451,3870221597,1942124562,4,2022-05-29,9,2022-04-01 05:45:49
3087145958,3220255296,3200286009,1432194119,3,2023-02-16,7,2023-08-10 20:32:18
223394880,3215237947,2781901083,1612810483,2,2022-12-02,1,2022-03-31 08:00:56
1004060297,1254904587,307510324,2519905500,2,2022-03-27,7,2022-07-23 17:44:21
48627883,44382015,3669005930,239491742,2,2022-07-24,8,2022-05-19 00:04:42
652485149,236493764,212362566,3982037173,6,2022-10-11,2,2023-06-18 14:29:07
526927563,699808796,748359439,2911871049,5,2022-04-12,10,2022-04-23 09:14:16
1927154216,928207706,2493820116,3628458711,6,2022-12-30,7,2023-01-31 21:00:55
4284657413,3116917901,621173276,4056567237,5,2022-10-17,10,2023-04-02 06:12:51
3850874769,4021504555,2050620422,1610325884,3,2023-02-24,7,2023-07-28 10:23:49
2260828987,1634656134,2791577207,2710244171,5,2022-05-10,3,2022-08-31 23:29:15
1563384139,505418971,1433564120,2460454183,5,2022-09-28,10,2023-05-16 10:06:03
2534799906,2875071522,1528377152,31523352,4,2023-05-23,6,2022-08-27 15:10:25
270326604,108132109,2240823384,264778866,6,2023-01-15,9,2023-02-12 05:38:40
2911819830,2910301441,3217877481,4126396998,2,2022-08-12,1,2023-01-29 10:36:34
3771927296,478585586,649498502,226795679,3,2022-04-13,5,2022-11-18 19:46:47
280052809,4056119200,3908630540,657008307,2,2022-08-26,9,2022-12-28 01:13:23
717653920,1202587625,2611935907,823836768,4,2023-08-15,9,2023-01-10 17:59:17
1024321562,2062587747,3991323989,2704903228,5,2022-11-19,5,2023-02-26 08:14:18
3175104205,2268991787,1592708283,1090549302,1,2022-01-22,7,2022-04-08 09:58:34
1830438019,3810526452,3730806614,3220849372,6,2022-05-20,4,2023-01-18 16:45:58
2977149235,2060834346,2117733979,2208168417,2,2022-03-27,5,2023-07-18 23:00:31
239067128,319504485,1430603129,3393369750,3,2022-06-04,3,2023-01-04 01:02:32
1323703656,2328932636,212362566,2911871049,4,2023-07-05,7,2022-08-31 11:45:40
509237679,4109682198,1478661598,357966074,6,2022-04-15,10,2023-04-08 16:47:57
2019334151,3196414313,3907092242,823836768,1,2023-02-20,8,2022-10-26 03:35:24
1621193097,3455083426,3991323989,970845367,4,2023-02-23,4,2023-03-20 21:03:06
1389208594,3057891915,2493820116,2704903228,6,2022-03-29,2,2022-02-25 19:37:02
349106138,1568524463,1021361037,2911006336,2,2023-06-24,10,2022-11-07 06:13:47
3007659466,3580069709,2117733979,594338909,6,2023-02-17,5,2023-05-29 16:35:55
824781279,982162661,2522484199,2929596529,1,2023-08-09,3,2023-04-01 03:32:33
3005541397,3765599792,2862999643,2460454183,5,2022-05-13,3,2022-10-12 08:50:49
3472723159,2495645676,649498502,806911449,3,2022-07-15,2,2022-01-31 02:33:56
3869847538,2867905596,1592708283,3364267144,5,2022-11-28,10,2023-03-06 09:11:50
2998923457,2405935404,3217877481,2567881544,4,2022-06-03,9,2022-03-17 23:55:48
1695591755,795862347,2828904918,1265244188,5,2022-02-16,8,2022-08-08 07:16:06
4175182748,3495597216,2687984959,4184872102,5,2023-04-19,1,2022-07-30 18:35:32
3747114653,1395906729,473442991,1083894818,5,2022-12-17,2,2023-07-21 18:30:46
2349504468,1759278179,1665737823,1515153703,1,2023-08-30,1,2023-07-14 14:53:01
4056974180,547194194,2240823384,1624542786,1,2023-08-14,9,2022-05-19 04:07:07
2089795878,67249347,3747351757,264778866,4,2022-08-03,2,2023-03-25 21:40:23
2087701836,1541306967,307510324,2261078060,4,2022-08-04,3,2022-07-31 22:18:17
1402867974,2188509017,277188469,1942124562,1,2022-06-23,9,2022-12-11 11:48:47
788050742,2350443732,1045946954,1227821286,4,2023-01-16,9,2022-08-28 11:32:02
952394576,1095556316,3870221597,1612810483,1,2023-08-17,2,2023-08-27 00:46:23
4056600229,47173305,797631321,3105137018,6,2022-06-17,10,2022-03-24 11:15:12
874658220,3070664980,1273382823,2365781742,1,2022-06-30,4,2023-07-14 12:13:12
3903492320,629323039,4007678247,2208168417,4,2022-10-18,8,2023-01-17 16:29:04
3983372947,2812673423,3021692382,1436366880,5,2023-07-14,9,2022-11-29 19:53:36
3363604212,2191832575,949386473,657008307,5,2023-08-06,10,2022-11-16 08:05:51
3691382763,1603469059,3200286009,1043660008,6,2023-08-27,4,2022-03-05 21:05:18
3555854282,139619182,2239869400,2849218319,4,2023-09-02,6,2022-03-22 07:56:27
2003582828,2259720927,3295686474,4032115804,6,2022-05-13,4,2022-03-30 07:30:55
1000764181,2905836822,1433564120,3628458711,4,2022-02-04,4,2023-06-21 10:50:08
4124739413,1614371919,3730806614,1027277606,2,2022-11-30,10,2022-02-10 23:17:52
4010384849,1711128535,2791577207,1346308732,1,2023-05-02,7,2022-03-14 18:10:00
67816454,3745893213,1453582800,604487726,1,2023-04-27,6,2023-04-04 15:31:24
1346291802,1903541944,804792195,47100164,5,2022-07-03,10,2022-06-05 09:08:16
4018703471,506874228,2050620422,2571278564,4,2022-12-15,10,2022-12-11 02:54:25
3541053127,3938077098,748359439,1464520610,6,2023-05-21,6,2023-03-24 03:03:47
2375250372,2680823665,2781901083,2065908675,6,2022-05-30,7,2022-06-26 13:48:39
1799694557,1689807692,2674236320,2519905500,5,2022-06-15,2,2023-04-03 05:18:55
585271313,1202997782,1932394581,1028093183,4,2022-09-27,1,2022-03-08 13:24:20
3616476138,2814493474,3669005930,1465658447,4,2022-06-02,5,2023-03-16 19:23:05
1419324788,3465157612,1726958166,3368910340,3,2023-04-29,6,2023-04-30 23:06:48
3544750126,3329116967,2611935907,2761080817,6,2023-05-02,5,2023-06-02 03:19:23
1156979965,4200244306,1528377152,381014247,5,2023-01-01,3,2022-08-15 16:08:09
3088384468,2446100015,2800904709,3096555635,5,2023-04-21,3,2023-07-30 01:42:36
1617042488,4248653697,2141683634,1121712404,3,2023-03-12,1,2022-06-04 10:28:39
909489960,1164509374,621173276,2968497708,4,2023-05-31,8,2023-02-23 06:50:21
950287596,2505769405,61866409,575776224,3,2023-04-27,2,2023-01-25 01:42:55
107870730,3331655596,3908630540,2710244171,1,2022-02-28,7,2022-06-11 03:53:56
1113374658,2269240017,804792195,2610803243,5,2022-02-07,7,2022-04-07 09:12:36
2942349491,87917550,61866409,1432194119,2,2023-07-18,6,2022-05-01 20:48:50
2767533593,372533753,3870221597,2370943152,3,2023-04-09,4,2023-05-28 21:52:11
2408653425,3919701285,2050620422,2898507095,1,2022-10-18,8,2022-11-04 16:43:19
843594672,2285268352,2611935907,3478831574,6,2023-02-10,6,2022-02-21 18:24:01
679593597,2691401801,1433564120,4294276196,4,2022-02-10,8,2022-03-11 14:56:49
949522018,1312536468,3908630540,2721119947,1,2023-02-14,4,2022-06-26 23:52:19
3568527018,3197778422,797631321,1013954279,5,2022-06-26,10,2022-10-26 18:10:07
1695245914,1328775484,949386473,3151781133,1,2022-12-06,4,2022-04-30 05:51:10
1524373622,1621443494,212362566,3982037173,3,2022-08-20,3,2023-06-11 22:55:28
1160778523,1637076170,3669005930,2718693348,4,2023-06-17,2,2022-03-15 07:16:36
3794415855,2704235629,277188469,2895381341,5,2022-08-06,4,2022-04-18 04:15:02
3825147911,220963969,649498502,4248362540,3,2023-06-11,5,2022-07-26 09:32:52
2330850240,2796549697,2800904709,1610325884,6,2022-04-20,8,2023-07-31 06:00:19
3597826945,3752593835,2240823384,1666839758,4,2022-03-10,6,2022-10-10 09:37:15
4042922518,3571130615,3217877481,3890967553,5,2022-03-15,9,2022-06-24 13:06:44
352087128,2468656263,1478661598,3703679803,3,2023-04-26,9,2022-03-03 19:51:46
39696376,2789596851,2781901083,3508319114,5,2023-03-31,9,2023-04-21 19:02:04
1678717455,3980167091,3907092242,4294342016,5,2023-05-25,3,2023-03-22 03:28:54
790988336,843029548,2828904918,2763894573,2,2022-04-13,9,2022-08-13 06:19:19
299805877,3468694201,1045946954,2121406922,6,2022-04-27,5,2022-08-13 05:55:16
3430190215,839237187,2862999643,1241367180,1,2022-01-26,2,2023-08-18 00:46:26
2915330586,1319025446,2674236320,1758242694,3,2022-03-14,1,2022-08-22 15:44:55
2855013818,352589760,1021361037,4102663684,5,2022-12-20,1,2023-07-22 18:30:05
1290178002,1660299739,3730806614,1260630246,3,2022-08-10,4,2023-01-08 13:31:21
2149626845,3025619476,2239869400,3572702184,5,2023-07-14,3,2022-12-27 18:10:11
2984482854,2829900230,2522484199,4248671221,5,2023-08-22,10,2023-02-27 12:57:32
467313846,3480881478,2687984959,3610422985,4,2022-11-30,4,2023-09-05 17:30:29
867520863,337833624,621173276,1090573693,2,2023-08-31,2,2023-03-20 07:31:00
3664627539,2654796544,1932394581,239491742,4,2022-06-14,2,2023-04-03 23:33:52
4087745026,2450504826,3991323989,1090549302,6,2022-09-16,1,2022-01-28 23:27:11
513946040,898692402,1528377152,4056567237,5,2022-06-06,8,2022-04-17 19:24:47
3039293984,2411368261,748359439,1450261158,1,2022-08-01,1,2022-09-17 12:15:56
3101357626,501447438,473442991,319431410,1,2023-09-08,4,2022-04-19 07:27:37
2751865849,2827340153,1592708283,4126396998,2,2022-02-13,3,2022-10-01 23:18:48
1119498184,3030398196,1726958166,226795679,4,2023-03-12,8,2022-04-04 15:00:54
206649001,1659274191,1430603129,2341023594,3,2023-08-30,3,2022-04-23 23:13:14
1806157572,3284121971,2791577207,3413793184,2,2023-01-31,9,2022-04-17 08:52:49
302534910,3900188977,3747351757,1951869915,2,2023-09-04,1,2023-08-19 00:02:36
3103549620,1483529582,3200286009,4017881790,6,2022-10-29,8,2022-12-01 00:46:40
1776681109,2249415822,307510324,3668512368,2,2023-03-06,3,2023-02-12 11:46:00
971050429,1577485401,1665737823,634854714,4,2022-05-05,2,2023-04-17 06:02:37
2024808187,3768364782,2117733979,1104918029,6,2023-04-18,9,2022-10-21 00:19:46
442972819,2289642622,3295686474,2468637475,6,2022-06-22,1,2022-12-29 00:49:45
630244109,1505056468,4007678247,4012449869,4,2022-10-26,6,2023-05-30 13:30:58
3975009688,1041633405,2141683634,1884440903,3,2023-05-24,8,2022-12-20 07:24:28
886136865,2276840831,3021692382,1390459574,1,2023-03-26,4,2023-03-25 11:49:46
2438413585,2221527152,1453582800,31523352,2,2022-05-11,6,2022-05-10 04:02:00
148481958,804454870,2493820116,1328058629,2,2022-05-26,6,2023-05-12 18:37:03
1151985619,645535780,1273382823,1090549302,4,2023-07-30,2,2022-09-04 06:56:50
506520678,3553931283,1273382823,2911871049,3,2022-01-31,4,2023-06-14 16:01:11
2026899502,2030414388,2800904709,2911006336,5,2022-05-05,8,2022-05-03 14:54:34
1181176100,502676189,3908630540,31523352,4,2023-03-14,4,2022-07-05 17:08:42
1290783823,509327063,621173276,2567881544,6,2023-06-11,5,2023-07-07 04:03:52
4239450966,1511066354,1433564120,2761080817,3,2023-08-25,10,2022-10-31 09:39:09
391324326,3595476960,3907092242,2365781742,4,2023-07-18,4,2022-06-05 02:45:51
1145908917,488260415,2862999643,2261078060,1,2022-03-27,4,2023-08-21 15:23:00
4220296507,4142810477,2791577207,2341023594,5,2023-08-17,6,2022-04-28 08:16:08
2233323240,1390939333,1453582800,3890967553,1,2023-06-07,3,2022-06-22 18:55:28
1342099259,2204435253,1045946954,264778866,5,2022-07-08,2,2022-09-02 10:45:30
2588632700,963439003,473442991,1121712404,3,2022-05-11,10,2022-11-21 11:23:32
1665155903,2436303333,4007678247,3364267144,2,2022-11-27,3,2022-11-23 01:56:42
122695591,1931178566,2674236320,2895381341,2,2022-06-22,5,2023-01-27 02:08:38
3551698681,303837628,277188469,3413793184,6,2023-08-20,4,2022-10-10 11:17:15
3600848488,2706471456,3200286009,3220849372,6,2022-06-15,3,2022-12-24 19:04:41
9844448,2830469221,804792195,4017881790,5,2022-03-12,10,2023-03-20 11:04:09
3025827380,121409379,3021692382,575776224,6,2022-05-01,4,2023-07-17 22:20:39
2549711710,3110238004,1478661598,3105137018,1,2023-05-20,3,2023-07-21 11:41:29
1650482877,561021967,3295686474,1346308732,3,2023-02-12,9,2023-02-16 08:53:42
3020699966,2137372337,3730806614,2519905500,4,2023-03-12,3,2023-01-31 11:42:04
4052768327,360208363,2611935907,2710244171,2,2023-04-21,10,2022-10-08 07:14:46
1921618505,2467263349,2522484199,4294276196,1,2022-04-15,9,2022-07-05 11:20:40
1539912968,201228663,2493820116,1043660008,2,2022-10-02,3,2022-12-27 02:17:09
3600111292,239422882,2141683634,2121406922,3,2023-02-08,2,2022-01-29 19:38:00
3930041405,236180640,1726958166,1027277606,6,2023-08-25,10,2023-04-28 23:46:11
2233048717,2292318039,1665737823,3478831574,4,2023-09-09,3,2022-09-05 22:03:45
3283669303,2921578839,307510324,2460454183,3,2023-02-10,2,2022-12-07 19:01:30
1999654956,964852608,2240823384,970845367,3,2022-09-04,1,2022-04-24 04:15:15
3959860313,1032932870,3870221597,2208168417,3,2023-08-09,5,2022-04-08 13:31:05
1103705889,1061514511,649498502,2968497708,4,2022-11-24,8,2022-08-27 22:22:42
1183003975,2058879045,2781901083,806911449,1,2023-02-21,8,2023-08-15 07:40:51
242771403,1387933783,949386473,47100164,5,2023-02-12,8,2022-06-20 16:36:58
4076911009,3832302328,212362566,3610422985,1,2023-07-22,10,2022-03-04 04:06:34
663821166,97787633,2050620422,1265244188,4,2023-02-04,2,2023-07-27 18:13:40
1431759515,4010096686,61866409,1942124562,4,2022-04-21,4,2022-12-31 06:40:04
3789164751,4125011403,797631321,1758242694,1,2022-08-06,9,2023-01-27 02:36:12
2305145434,1134501106,2239869400,1432194119,1,2023-07-17,8,2022-09-30 23:09:45
916710422,3401614041,3669005930,634854714,6,2022-11-20,9,2022-04-30 00:55:23
2018195695,3383505965,2117733979,1390459574,3,2022-05-12,10,2023-06-22 09:10:26
4199067462,2164361543,1430603129,1464520610,3,2022-09-15,9,2022-04-15 22:51:00
523896915,112255380,3991323989,1610325884,4,2023-04-04,4,2023-04-20 22:53:55
734502823,2179306615,1021361037,2718693348,2,2023-05-01,9,2022-06-06 13:02:28
539582738,3753198769,3747351757,1260630246,4,2023-05-19,1,2022-12-16 10:39:42
3314064166,2956951544,2828904918,319431410,6,2023-06-07,4,2022-02-12 23:05:52
2692640618,931209524,748359439,823836768,4,2023-02-06,7,2023-08-22 15:50:37
884662735,690336432,1592708283,381014247,2,2022-03-07,6,2023-03-07 08:27:42
3998365780,3776198724,1528377152,3096555635,2,2022-03-05,5,2022-04-04 16:44:03
2411548854,1701846997,3217877481,1090573693,2,2023-08-29,10,2023-02-26 15:39:25
3107493945,720278892,2687984959,3572702184,4,2022-06-23,9,2022-07-31 13:11:38
3773369240,3725060139,1932394581,1951869915,1,2022-02-17,4,2022-09-20 18:43:43
4177677184,131657053,3908630540,357966074,4,2022-11-07,4,2023-04-24 10:47:07
1708948046,364898160,1045946954,1328058629,2,2023-06-19,6,2022-05-10 02:27:01
3745449786,2941979742,61866409,1612810483,6,2022-10-01,9,2023-01-24 23:44:43
2091910062,3241499426,307510324,1227821286,1,2022-06-15,5,2022-03-31 13:34:11
2693840153,1793768773,797631321,2929596529,3,2023-03-08,7,2022-07-26 13:12:24
2209887571,3236069289,1273382823,4032115804,2,2023-07-30,2,2022-07-21 02:10:33
2511498965,181485829,1433564120,2468637475,5,2023-04-20,9,2022-08-19 21:48:06
3068516777,3341156510,2522484199,1515153703,6,2023-07-24,1,2022-11-12 11:43:16
2766458874,4147341780,621173276,2898507095,5,2022-09-27,5,2023-01-10 04:16:51
2597882072,231476160,2117733979,2065908675,5,2022-02-14,6,2022-07-30 22:27:29
1611543681,632164730,3870221597,4248671221,6,2023-07-25,2,2023-07-19 20:55:54
334127012,2500429926,2674236320,2721119947,4,2022-12-03,9,2022-04-25 23:49:03
3171182422,2850748803,748359439,1013954279,2,2022-03-03,5,2022-02-11 22:20:51
4030030424,494242361,2611935907,3151781133,1,2022-06-09,10,2022-05-07 18:30:00
3529250076,2538844830,212362566,2849218319,3,2022-02-13,8,2022-08-02 19:52:01
3078858655,3384193902,3669005930,4102663684,6,2022-09-12,8,2022-07-20 11:39:07
98710304,3958878263,2800904709,3368910340,5,2022-03-10,10,2022-10-20 02:16:06
1551065092,4216292001,1665737823,4294342016,4,2022-07-03,4,2023-03-22 01:26:46
1419832706,1350164968,2240823384,3393369750,5,2023-09-06,1,2023-02-18 02:25:10
3173806618,1635767599,804792195,1241367180,1,2023-03-26,2,2022-09-01 22:23:08
1284767497,941401524,3217877481,4012449869,1,2023-06-03,9,2023-07-11 18:15:12
3969109309,3273504270,3747351757,3508319114,1,2022-12-05,6,2022-03-13 23:42:01
2498014237,908710150,2493820116,2763894573,2,2022-05-29,6,2022-03-26 12:07:33
249034229,688485481,2687984959,2571278564,1,2022-08-21,4,2022-08-07 02:58:18
863600987,3091101285,3907092242,3982037173,2,2022-11-21,4,2023-08-21 04:50:00
3584298821,1438758492,3991323989,3703679803,2,2022-06-17,10,2023-07-05 12:01:15
4204681740,2682063397,649498502,239491742,1,2022-05-05,5,2023-03-08 22:06:02
1566283235,236133891,2239869400,226795679,3,2023-07-03,4,2022-10-01 04:26:24
1846646666,1634823474,1478661598,1884440903,1,2022-01-31,2,2023-07-23 04:30:53
1507908483,2090784238,3021692382,2610803243,2,2022-08-17,1,2023-04-09 05:47:23
3576851049,103893898,1453582800,1465658447,5,2023-03-15,2,2022-05-27 05:18:41
2027625894,1708463671,2141683634,1450261158,6,2022-02-23,1,2022-09-10 00:17:40
378448073,4128530915,2781901083,1028093183,5,2023-01-11,8,2023-05-13 02:26:40
2871002656,496861928,1592708283,604487726,2,2023-08-03,2,2022-04-21 03:40:48
3320109413,286254378,2050620422,4126396998,6,2022-08-23,8,2022-02-17 13:33:25
3137655850,178773133,4007678247,3668512368,2,2023-07-14,3,2022-05-01 18:02:01
214452033,2590449160,1021361037,1666839758,3,2023-01-13,7,2022-08-06 18:48:58
4227185454,2995429958,2862999643,4248362540,3,2022-10-06,7,2023-06-06 05:02:28
2069568992,3530868395,1430603129,1436366880,6,2023-05-30,3,2023-07-09 17:36:54
1028355938,69014437,1528377152,1104918029,4,2022-07-10,10,2022-05-29 10:07:20
1697017865,674565147,473442991,2704903228,2,2023-05-20,10,2022-06-25 00:33:49
3299327369,2821404481,277188469,1624542786,5,2023-07-01,3,2023-03-03 04:28:40
3259213876,2102341467,949386473,4184872102,2,2023-01-25,9,2022-10-18 11:15:45
411758777,1821221342,2828904918,657008307,2,2023-02-14,3,2023-03-22 17:16:46
2018165169,87917550,3295686474,2370943152,1,2022-06-28,6,2023-01-09 07:08:32
502585551,178773133,1932394581,594338909,3,2022-10-17,4,2023-02-03 14:40:19
3561956441,3441105212,2791577207,3628458711,4,2023-08-20,2,2022-05-08 14:00:39
2961480941,47173305,3730806614,1083894818,1,2022-06-12,9,2022-06-04 15:44:36
673203213,1408974787,1726958166,1942124562,3,2022-04-15,6,2022-09-02 04:24:47
3277855425,583410339,3200286009,2365781742,2,2022-05-31,4,2022-08-10 08:00:56
2985666088,2505769405,1665737823,264778866,4,2022-04-24,1,2022-07-01 12:26:53
2180175611,3752770987,3669005930,4017881790,6,2023-08-19,8,2023-06-03 13:07:44
3981413443,367003789,61866409,2895381341,6,2023-03-11,5,2022-04-07 23:39:24
1017882359,2934826642,2674236320,226795679,5,2023-03-03,5,2023-01-31 04:48:51
2208890946,2417963751,1478661598,604487726,1,2022-08-04,9,2022-06-02 07:24:17
1679772501,1258290421,797631321,2968497708,1,2023-03-30,2,2023-08-30 02:54:20
688234181,3713880498,1045946954,3890967553,5,2022-10-10,8,2022-02-26 20:24:58
1694914380,1418730153,1726958166,1612810483,5,2022-05-25,8,2023-06-22 00:55:38
2244183373,2386159377,3870221597,2898507095,5,2022-11-05,10,2023-04-14 22:04:52
446638768,2808853613,2522484199,1328058629,3,2022-08-06,1,2023-03-09 10:30:46
1482876693,1955937318,2117733979,2849218319,3,2022-10-30,2,2023-04-23 02:57:19
2463016511,359779497,1932394581,3982037173,5,2022-07-23,3,2023-08-19 07:42:15
2713843083,674565147,1592708283,823836768,1,2022-09-07,7,2023-06-17 02:43:35
2064390942,1830280453,649498502,319431410,1,2022-09-15,7,2023-06-13 11:37:00
3986657507,879237938,949386473,2341023594,6,2022-03-10,9,2023-03-02 22:56:30
1804508500,236180640,2687984959,3610422985,4,2022-03-27,3,2023-06-14 11:30:02
3932089727,239422882,2240823384,4102663684,1,2022-11-21,4,2022-07-28 18:20:42
1112568252,171231062,3907092242,1265244188,6,2023-01-25,8,2023-04-22 12:00:18
1195848686,1456690998,2493820116,2718693348,4,2022-02-06,5,2022-05-05 17:13:20
806665883,1258887181,3295686474,2468637475,6,2022-06-17,10,2022-03-29 18:27:52
2780653216,3183711104,2141683634,657008307,6,2023-08-25,6,2022-12-28 14:50:24
4058079978,3015680248,2862999643,2065908675,6,2022-07-27,9,2023-05-06 05:34:44
2458772399,1577799716,212362566,4126396998,6,2022-09-10,9,2023-03-11 11:02:40
3277111419,2640076963,307510324,806911449,1,2022-11-10,1,2022-05-09 15:47:15
3313481696,301577679,3021692382,1227821286,2,2022-08-13,3,2023-02-27 17:10:33
903571578,3926302083,2800904709,3096555635,3,2022-03-13,1,2022-04-24 23:16:30
4229798307,629323039,3730806614,1260630246,1,2023-08-25,9,2022-02-11 09:37:44
1669869030,787707316,1273382823,3151781133,3,2022-08-28,3,2022-09-20 02:57:02
2848903108,74396848,2050620422,4294276196,1,2022-04-10,6,2023-03-24 22:25:05
1971439625,2375223361,3991323989,2370943152,4,2022-08-16,7,2023-02-25 15:25:34
2482421489,3758163203,2828904918,1241367180,1,2022-09-13,9,2023-07-09 21:40:08
3000428930,3542418304,3200286009,1624542786,6,2023-07-20,9,2023-04-05 06:17:59
2284650293,2126704931,473442991,381014247,3,2023-06-28,2,2022-03-25 22:57:39
2268948331,4133403599,1453582800,2610803243,2,2023-08-02,8,2022-04-09 13:09:47
3334822089,3680059203,748359439,3220849372,4,2023-08-31,3,2022-03-28 05:30:37
15699419,71243657,2791577207,1436366880,4,2022-07-27,9,2023-08-02 14:02:09
2944558478,4006181392,1430603129,575776224,4,2022-08-06,1,2023-03-31 19:32:55
2497054730,997501356,2239869400,3393369750,3,2023-08-06,10,2022-07-04 06:15:12
926484735,825140394,621173276,4012449869,2,2022-04-30,5,2023-07-17 04:23:35
3077756696,1202587625,804792195,1027277606,4,2022-08-31,4,2023-04-21 08:33:28
3592237244,1091734990,2781901083,1028093183,6,2023-06-10,7,2022-01-31 18:04:01
3182654139,51375006,2611935907,4032115804,1,2022-04-02,1,2023-01-29 11:55:50
460334886,3781844897,4007678247,2261078060,5,2023-05-23,3,2022-12-15 05:16:42
711792005,2372260016,3747351757,4184872102,1,2022-08-16,1,2023-02-24 03:15:41
2139630812,2026469628,1021361037,2519905500,3,2022-04-02,7,2022-11-15 07:22:06
2220854740,4167844832,277188469,3413793184,5,2023-01-27,1,2023-08-28 07:43:45
1285413548,3551415110,1433564120,3105137018,1,2022-09-23,2,2023-06-14 11:38:07
2023899622,2103814275,1528377152,3668512368,2,2023-01-08,3,2022-12-24 09:05:26
1180408855,1252322901,3908630540,1121712404,2,2023-07-18,9,2023-08-28 19:08:13
2126036867,3765599792,3217877481,1104918029,5,2022-04-09,2,2022-10-26 17:41:46
2570025702,2202977227,1726958166,2710244171,3,2023-05-17,6,2022-06-22 16:49:48
2771253682,4150665215,61866409,1758242694,3,2022-09-21,8,2023-06-30 07:35:36
2282798838,2538844830,277188469,1450261158,1,2023-02-11,3,2022-09-24 13:56:46
2890249645,963439003,649498502,1432194119,1,2023-03-02,8,2022-08-07 14:54:59
2680819769,2545530294,3200286009,1610325884,6,2022-03-23,6,2023-06-15 23:50:03
1923455767,3495768432,1453582800,2121406922,1,2022-06-01,3,2023-02-03 07:45:44
1546450350,720278892,804792195,634854714,2,2023-06-26,9,2023-06-04 04:02:27
104672341,3122754665,212362566,3508319114,5,2023-03-26,10,2023-03-15 01:24:13
3378858891,1140848094,4007678247,3478831574,6,2022-02-06,4,2023-01-08 01:58:36
2270593093,1568360544,2240823384,970845367,2,2023-02-24,8,2022-10-15 13:33:16
697864026,2850748803,2117733979,1515153703,4,2023-08-15,1,2022-10-08 02:48:37
2958859835,936730554,2791577207,1083894818,4,2022-07-22,3,2023-01-29 19:04:23
2843444280,3186764814,2522484199,594338909,4,2022-12-08,8,2022-05-22 19:39:24
3034360534,3810526452,307510324,1013954279,1,2022-06-30,4,2023-02-02 00:04:53
1668195021,1508002501,3217877481,1390459574,1,2022-07-02,2,2022-05-30 14:49:59
144102750,2819535895,1665737823,2911006336,3,2023-05-18,2,2022-10-16 06:16:20
3741297936,527454628,3991323989,4294342016,6,2022-12-18,5,2022-02-19 15:07:44
647517130,602361024,3908630540,1090573693,4,2023-01-14,1,2022-06-08 09:04:12
809310662,3813579384,3747351757,4248362540,1,2023-01-29,3,2022-05-06 16:13:05
1462429382,3938077098,797631321,2704903228,3,2023-02-25,9,2022-07-04 03:10:35
2987871323,2937435213,2239869400,2567881544,3,2022-10-31,2,2023-07-19 00:05:07
3662565422,4227103506,473442991,1043660008,2,2023-06-05,10,2023-01-15 18:05:16
1127410551,3163422454,3870221597,2929596529,6,2022-07-12,8,2023-08-25 05:33:15
3445532220,1319025446,2800904709,3628458711,2,2023-01-05,8,2023-05-30 16:01:04
4070264217,2919841593,2611935907,3703679803,4,2023-05-24,8,2023-03-01 23:43:58
3762735293,3553931283,2493820116,4248671221,6,2023-06-12,7,2023-07-28 16:21:39
1958629956,4232696380,3669005930,31523352,5,2022-10-20,6,2022-12-09 07:46:12
487522273,2682063397,2141683634,1346308732,5,2022-01-28,3,2023-08-29 21:28:36
3622825174,3302693651,2687984959,2571278564,3,2023-01-10,4,2022-06-17 02:00:42
3815190140,1473517250,621173276,2761080817,3,2023-03-22,10,2023-07-26 04:19:16
3534893364,359750173,1592708283,3572702184,1,2023-03-25,4,2023-06-01 15:05:56
3412169279,2691401801,949386473,1465658447,5,2022-07-08,7,2022-02-07 05:14:47
4245770109,3070664980,1932394581,3368910340,4,2022-08-30,2,2023-05-16 03:53:23
2634965594,1667006433,2828904918,3364267144,3,2022-12-30,3,2022-09-05 04:44:11
3954079182,3110238004,2862999643,1464520610,2,2022-07-21,9,2023-02-22 22:41:04
2422956234,1673453440,2781901083,1951869915,1,2022-10-12,1,2022-03-21 06:01:43
1967482867,1666335808,3021692382,4056567237,5,2023-08-03,8,2023-04-28 06:26:47
3292023457,855350208,1478661598,2460454183,5,2022-02-13,9,2022-05-04 00:11:42
1055550404,1151969055,3730806614,2721119947,6,2022-03-29,1,2023-01-16 17:54:13
3431950553,721860451,1528377152,1090549302,6,2022-05-11,8,2023-02-13 12:59:38
2119083235,310996162,1273382823,2763894573,6,2023-08-24,9,2023-05-16 16:49:15
1662749315,88821254,1433564120,1666839758,2,2022-07-10,3,2022-11-15 17:18:45
1072864822,3999923105,748359439,2208168417,6,2023-01-11,4,2023-03-29 06:50:38
2253083982,782530449,2674236320,1884440903,4,2022-02-28,5,2023-09-02 01:21:08
3064353509,3210748343,3907092242,47100164,2,2022-07-21,6,2022-07-21 22:51:55
257785671,3047794615,3295686474,239491742,6,2023-05-27,3,2022-04-21 03:02:13
3342378781,2910301441,1021361037,2911871049,2,2022-02-16,6,2023-03-27 03:12:37
3168347777,1089841336,1430603129,4032115804,4,2023-07-24,10,2022-12-05 13:11:51
55498157,1537114317,2050620422,3393369750,6,2022-11-25,6,2023-02-20 17:43:40
1741187077,2730864520,1045946954,4294342016,6,2023-09-01,4,2023-08-09 18:37:38
3276160957,3755428323,2674236320,3478831574,4,2022-02-05,9,2023-02-16 14:00:28
3568269871,1507193082,2611935907,2911871049,2,2022-08-18,8,2022-05-27 13:22:04
738816001,2072979354,3991323989,2911006336,5,2022-02-24,6,2022-02-26 21:40:13
2239648396,2939009141,2828904918,2065908675,5,2022-04-19,1,2023-08-24 06:51:26
2992683915,4172425633,1045946954,2208168417,2,2023-02-27,8,2022-09-19 11:13:48
709482245,2120993014,1021361037,357966074,4,2022-02-16,3,2023-07-26 00:25:43
4153222859,3832302328,212362566,2968497708,6,2022-06-23,2,2023-07-25 16:26:24
3103297946,1558275199,804792195,2460454183,5,2022-05-28,7,2022-01-22 21:41:35
1073630342,1692294378,3217877481,3703679803,3,2022-09-27,4,2022-11-20 11:31:53
1223485979,3791846114,277188469,2704903228,6,2023-05-04,9,2022-09-14 23:27:05
1623557406,3797153108,3747351757,2895381341,1,2023-04-22,10,2022-11-14 06:37:11
3110857236,1826739355,1453582800,1464520610,2,2022-12-07,7,2022-06-19 11:11:32
2612686658,3142789131,61866409,4184872102,5,2023-05-11,2,2022-08-13 01:14:52
3955621544,3935184030,748359439,2849218319,4,2022-07-22,7,2022-03-15 07:00:09
1155457200,1331975344,621173276,4126396998,5,2023-07-20,4,2023-01-27 09:47:55
3336665214,188105868,1478661598,1884440903,3,2023-01-28,3,2022-03-16 21:58:11
466530559,2038281617,949386473,1028093183,5,2022-07-23,8,2023-01-14 16:43:45
1397005113,2173919592,1430603129,1951869915,1,2022-09-12,4,2023-05-20 01:54:57
1204229576,1164509374,1528377152,4248671221,5,2022-03-22,9,2023-08-14 07:29:59
3660017007,2579390501,2239869400,1758242694,3,2023-01-26,10,2023-03-04 03:59:05
2823188903,1821221342,1273382823,319431410,3,2022-03-27,5,2023-06-28 13:24:43
747030191,3133877506,2781901083,4102663684,2,2022-05-03,9,2023-03-05 10:09:08
4106192324,4196976742,2141683634,2929596529,5,2022-09-29,3,2023-06-09 02:42:11
3947638717,2683934499,2800904709,3610422985,6,2022-02-17,2,2022-09-28 07:40:01
27102446,3390703927,3295686474,3364267144,1,2022-08-14,10,2022-08-09 22:55:53
167180314,3918949016,2862999643,1610325884,1,2022-02-12,1,2023-08-01 22:52:11
1752769570,303837628,4007678247,1624542786,2,2022-08-03,4,2022-02-04 17:21:36
1019528756,3524891998,1433564120,2261078060,4,2022-10-22,1,2022-08-17 00:59:34
1635644865,2451332244,1932394581,47100164,2,2023-01-11,8,2023-03-24 21:22:50
2756573835,982162661,3669005930,1013954279,2,2023-08-05,8,2023-07-11 14:18:07
2344218001,149620540,1665737823,226795679,4,2022-11-08,9,2023-06-01 17:20:44
1610397000,4140834114,473442991,1346308732,2,2022-08-17,6,2022-08-22 00:49:07
1991291419,1461545092,1592708283,1043660008,2,2022-10-02,8,2023-01-26 18:55:04
1680202768,1350164968,2050620422,970845367,1,2023-04-24,10,2022-08-23 07:43:52
4218716022,1720921122,3200286009,3105137018,3,2023-03-03,3,2023-05-03 12:20:29
2440575864,2240672194,3907092242,2761080817,1,2022-11-23,7,2023-02-25 08:09:47
3941393782,2772257058,2117733979,2710244171,5,2023-01-27,7,2022-10-16 20:47:15
4048328286,2346514898,2240823384,2365781742,4,2022-08-18,1,2022-02-24 13:34:43
1434855975,3744043483,2791577207,1265244188,2,2023-03-16,7,2023-07-01 15:00:35
2904854417,941401524,3870221597,1390459574,1,2022-09-09,9,2022-02-17 20:52:43
1631428050,1965906071,1726958166,2121406922,2,2022-08-31,4,2022-02-13 01:05:56
2067506935,3686202152,2687984959,1260630246,6,2022-11-27,4,2022-08-19 17:36:20
2144012112,2399570404,3021692382,1083894818,4,2022-02-27,6,2022-12-13 21:11:55
1485158247,3565194688,3908630540,3628458711,2,2023-07-08,6,2022-05-08 06:02:49
425641997,3052724482,797631321,1465658447,5,2022-06-04,9,2022-08-04 12:47:02
3708351394,1234896426,649498502,4248362540,3,2023-07-02,2,2023-08-01 16:53:11
2140895405,3757543600,2493820116,1328058629,3,2023-01-31,9,2022-12-03 17:45:51
2638877810,3530868395,2522484199,3220849372,5,2023-08-09,10,2022-07-14 02:57:37
4036629071,1387933783,307510324,1104918029,4,2023-01-27,6,2023-07-20 13:28:21
596192617,4128530915,3730806614,3096555635,4,2022-03-24,5,2023-02-20 19:07:51
1625064051,2827340153,2687984959,2519905500,3,2022-06-18,7,2022-09-14 16:07:00
803638106,2496454821,2781901083,2341023594,1,2022-05-13,5,2022-09-10 16:55:08
2083428318,1641385715,3021692382,2370943152,4,2022-07-20,3,2023-02-26 16:32:23
3680743250,3194019678,3730806614,1432194119,4,2022-05-20,9,2023-02-18 23:22:51
2738175987,2718513194,1433564120,31523352,2,2022-11-15,2,2023-08-30 23:02:51
380443068,1349746731,307510324,1942124562,1,2023-01-16,8,2023-05-22 14:52:19
3017474553,926205499,2239869400,806911449,1,2023-08-06,1,2022-08-21 03:17:16
717015089,3879632069,2862999643,3982037173,4,2022-02-18,8,2022-06-25 11:14:25
973915725,1085629479,473442991,657008307,3,2022-06-22,3,2022-05-05 17:54:59
201932756,384938324,212362566,1090549302,5,2022-06-27,1,2023-06-08 12:11:36
149716885,174798221,1021361037,2721119947,5,2023-07-27,7,2023-03-10 01:40:05
1810524999,2326331304,2800904709,1027277606,3,2023-07-29,8,2022-02-15 02:19:00
2635685213,4248653697,1665737823,2468637475,3,2022-05-14,2,2023-08-12 18:16:05
2064984337,4164789325,1592708283,3368910340,6,2022-05-21,3,2022-12-11 08:18:19
779708326,2794562254,3295686474,1515153703,6,2023-03-17,2,2023-09-05 12:14:41
2298567712,1808077375,949386473,2610803243,5,2022-12-06,1,2022-01-26 15:52:46
2742729362,386012502,3747351757,604487726,6,2023-05-31,3,2022-02-10 16:59:09
2803041351,244254450,1478661598,4056567237,4,2023-02-20,7,2022-10-31 22:07:17
1901755426,3983734136,1726958166,3508319114,5,2022-09-21,1,2022-12-06 04:29:38
3014174692,2335541770,2141683634,823836768,5,2023-06-03,10,2022-07-15 11:07:05
1189077602,1678153258,4007678247,1612810483,4,2022-06-07,1,2023-02-04 23:15:12
87489087,1451642468,621173276,1121712404,4,2023-07-07,3,2022-03-14 16:31:35
4083876478,1953591435,649498502,1090573693,4,2022-09-04,6,2022-01-29 00:50:02
3782093931,1516105302,1932394581,2763894573,6,2022-02-14,8,2022-11-28 12:25:38
866567131,2664265578,3870221597,575776224,5,2022-05-05,8,2022-12-25 17:02:53
3173729029,4250606495,3991323989,4294276196,4,2022-11-20,2,2022-07-28 16:54:41
1141826359,1353357221,2674236320,4012449869,1,2022-05-21,5,2023-04-28 13:55:33
1291482430,1740686295,277188469,1241367180,6,2022-12-19,2,2022-01-22 01:18:34
1566215108,2062587747,3200286009,3668512368,5,2023-05-09,5,2023-07-05 14:42:39
2291278837,2807100187,1528377152,4017881790,2,2022-08-25,10,2023-06-04 12:09:05
756477268,1235483764,61866409,634854714,2,2022-04-13,6,2022-06-16 19:32:27
31972937,2395081824,1273382823,239491742,4,2023-01-20,10,2022-12-09 01:45:03
3378053886,3955784078,3907092242,2718693348,3,2022-10-11,4,2022-05-25 06:36:27
2527620889,131657053,2050620422,381014247,1,2022-05-26,2,2023-06-12 06:33:53
2180525334,841183309,2240823384,3413793184,2,2023-02-21,10,2022-06-24 02:11:44
4266447463,2332328274,797631321,1436366880,3,2022-01-30,8,2022-12-13 04:57:04
2700580135,362599828,748359439,3151781133,4,2022-12-29,6,2022-04-09 20:37:00
2158405458,201228663,2611935907,3572702184,6,2022-04-09,1,2023-02-21 10:24:06
1405848815,345559759,2828904918,264778866,4,2022-05-26,2,2023-01-31 21:29:15
436138986,773005476,1045946954,2567881544,1,2023-03-05,8,2022-03-05 20:33:37
2776208791,277561131,1453582800,1227821286,6,2023-03-09,6,2023-07-01 03:46:33
3600460747,3015005292,3908630540,1450261158,1,2022-07-21,4,2022-09-06 00:38:10
691070755,67146777,804792195,3890967553,1,2022-02-14,5,2022-08-01 10:35:27
3997622985,2072160741,1430603129,2898507095,2,2023-07-20,6,2022-02-19 07:58:38
3662341474,2190965908,3669005930,1666839758,4,2022-02-28,1,2022-12-07 06:58:42
2580973142,3858839111,2493820116,594338909,3,2022-07-17,7,2023-02-12 12:26:55
3487961700,2350443732,2791577207,2468637475,6,2023-09-10,3,2022-11-29 11:25:08
1375217385,3049126583,2522484199,1515153703,3,2023-05-05,10,2022-08-09 01:04:00
625023959,2594332719,2117733979,4032115804,1,2022-08-26,7,2022-11-03 04:22:36
2532061972,2821496446,3217877481,1951869915,4,2023-05-30,6,2022-04-14 03:44:48
3956904759,2351895465,3730806614,1027277606,5,2023-08-03,3,2022-02-19 04:51:09
3996668579,1383573636,621173276,2567881544,6,2023-07-21,8,2022-03-30 02:37:51
3678137404,3182972783,797631321,823836768,1,2023-04-16,8,2022-05-30 01:28:16
1915623854,1438758492,473442991,3982037173,3,2022-05-12,6,2022-01-22 12:00:22
3074913058,3534303289,2050620422,2895381341,1,2023-03-13,7,2023-01-18 20:05:03
1045420851,3873051260,3991323989,2898507095,1,2022-09-06,6,2022-09-10 10:00:12
2359385689,352589760,2611935907,4056567237,4,2022-08-14,3,2022-07-29 12:44:40
2207320595,2898575474,1726958166,1043660008,3,2023-07-20,2,2023-09-02 09:27:12
1148980218,3580069709,3747351757,1241367180,5,2022-03-01,4,2022-04-29 03:21:55
3730593254,2272963427,949386473,319431410,4,2023-06-09,7,2022-07-13 08:59:47
230350749,1568524463,61866409,1090573693,6,2023-07-27,9,2022-06-05 04:13:25
4163105875,202062897,2493820116,2610803243,4,2023-08-15,10,2022-11-29 03:24:36
261811415,1708211291,2239869400,1436366880,2,2023-09-09,10,2022-06-22 13:52:43
2509943047,48778924,3021692382,2365781742,5,2022-06-23,8,2022-06-28 08:14:36
1977352127,78934623,3907092242,2710244171,6,2023-02-15,3,2023-05-06 10:56:28
2557428923,1591530120,2141683634,4184872102,6,2022-05-10,2,2022-05-08 13:59:36
1684689664,2554265546,1430603129,4248671221,4,2023-06-26,4,2022-04-03 06:43:22
364014465,3884030691,1273382823,2721119947,1,2022-07-07,9,2023-01-02 22:57:05
1747445369,977612678,2687984959,575776224,6,2022-10-09,8,2022-10-21 12:52:11
2198585720,2520739788,3200286009,2519905500,2,2022-10-13,7,2022-03-06 15:10:10
563259092,360208363,1592708283,657008307,1,2022-11-30,8,2023-03-10 03:55:50
3580662951,2474783712,2781901083,239491742,3,2022-01-25,3,2022-03-24 05:02:08
3051367355,3776198724,1045946954,604487726,1,2022-09-26,7,2022-02-10 22:27:39
3046914559,3648731993,2240823384,3668512368,5,2022-03-16,4,2022-12-12 22:39:05
1417342438,2013595616,2117733979,3393369750,6,2022-03-11,5,2022-06-03 17:38:19
3523213834,3815733611,2791577207,4126396998,6,2023-03-18,1,2023-04-25 12:59:03
4144182283,1635767599,2862999643,2968497708,1,2022-04-25,8,2022-04-27 07:12:34
3912513642,1659274191,277188469,2460454183,6,2023-02-25,9,2023-02-19 20:44:24
2486426539,3028522051,1665737823,3890967553,3,2023-04-30,8,2023-04-24 18:00:00
2334120856,3145455417,1433564120,1090549302,1,2022-02-24,4,2022-12-21 06:50:32
643926553,1642524137,2828904918,1884440903,1,2022-04-27,2,2022-04-15 10:38:51
2258626093,530943869,1932394581,264778866,3,2023-01-16,7,2022-12-26 11:02:49
2554385202,2796549697,1021361037,2341023594,6,2023-01-26,8,2023-06-20 02:23:49
3326039105,496495492,3217877481,2065908675,5,2023-06-18,3,2022-01-27 21:23:46
850940957,1422513417,212362566,970845367,4,2022-10-16,1,2022-04-05 06:26:03
1774614570,3100375798,3669005930,357966074,5,2022-11-12,7,2022-06-28 04:30:40
2865519312,372785113,2800904709,2208168417,5,2022-07-15,9,2022-02-15 12:10:44
1172493832,4086247847,307510324,3368910340,3,2022-08-08,7,2023-09-03 16:42:10
2063851778,2844816710,2674236320,3151781133,2,2022-04-02,7,2022-09-23 15:42:00
411052305,438509770,1528377152,4294342016,4,2023-08-03,5,2022-07-27 07:27:15
1860573629,357449985,649498502,2704903228,4,2023-08-17,3,2022-08-26 10:35:52
1683892590,4109682198,804792195,2261078060,3,2023-04-05,3,2022-03-22 05:27:31
1878759154,1202997782,3908630540,806911449,3,2022-02-28,3,2022-08-22 03:30:57
1715860586,3116917901,1478661598,3364267144,4,2022-11-28,10,2022-11-28 03:49:58
1422048115,2852039491,4007678247,4017881790,1,2022-10-25,1,2022-06-02 10:40:15
1431288606,64319292,2522484199,1758242694,3,2022-02-10,3,2022-06-04 07:19:40
1454498247,3266388112,1453582800,1465658447,4,2023-04-08,3,2022-03-11 07:13:07
2530056391,3755505947,3870221597,3220849372,4,2023-05-15,3,2022-05-02 06:02:15
1083631327,1078876148,748359439,1028093183,6,2022-07-02,8,2022-09-27 00:07:34
972121190,303864999,3295686474,594338909,2,2023-06-17,3,2023-01-21 01:31:02
3311418225,36337386,307510324,1083894818,2,2022-09-29,7,2022-02-27 13:48:28
2191748165,3009730110,3730806614,1942124562,4,2023-04-21,3,2022-08-04 11:21:50
4197074688,973829888,3907092242,1013954279,3,2023-04-10,7,2022-05-05 06:56:42
2298991385,1234279011,1430603129,1265244188,6,2022-03-12,7,2023-05-03 08:57:11
1534064474,2785274129,1528377152,1610325884,5,2022-04-17,8,2023-09-10 02:45:52
939847146,397465291,2493820116,1328058629,2,2022-05-08,2,2022-12-05 23:57:55
3388759966,2576667397,2674236320,47100164,5,2022-03-22,2,2022-07-13 02:39:15
3240390538,3736641482,1433564120,1612810483,3,2022-09-24,8,2023-06-19 03:07:53
2266404525,561021967,797631321,4012449869,2,2022-08-21,1,2022-03-28 07:56:00
1712153170,3165730971,2828904918,2761080817,3,2022-08-02,8,2022-06-03 23:00:33
2901365324,1372420995,61866409,634854714,5,2022-08-07,7,2023-02-08 06:07:36
1227149758,2269240017,3991323989,2571278564,2,2022-09-28,1,2023-03-27 04:35:46
1598024211,1971724966,1726958166,1666839758,1,2023-01-24,4,2022-05-27 17:24:31
3998957720,3371692160,748359439,1260630246,1,2022-03-28,3,2023-04-09 04:34:50
1655686909,2723928260,1592708283,2929596529,4,2022-07-15,8,2023-06-10 15:16:21
919383721,668049809,2687984959,1121712404,6,2022-01-21,9,2022-04-30 02:38:59
2837832566,3724127088,1665737823,2763894573,3,2023-07-09,10,2022-10-02 22:26:54
674670353,4129071623,1021361037,3508319114,6,2022-12-05,3,2023-07-12 22:22:51
4110890920,2259720927,1453582800,4294276196,4,2022-11-01,8,2022-12-12 16:57:54
3691641997,1931178566,2781901083,226795679,5,2023-02-02,5,2023-06-26 17:27:38
2078410759,2102341467,2791577207,3572702184,5,2022-04-30,4,2023-04-17 18:49:40
2395291111,1587885763,2240823384,2718693348,1,2022-03-15,2,2023-02-13 04:10:21
4205701434,908710150,1045946954,2911006336,5,2023-08-12,6,2023-03-27 07:53:23
2924514872,3858736758,2522484199,4248362540,6,2023-02-25,6,2022-03-20 16:21:24
214585581,1269177946,3669005930,1464520610,4,2022-02-17,6,2023-08-29 08:35:21
610934363,1270223711,212362566,2849218319,6,2022-05-27,5,2022-09-16 01:59:08
3445485799,4246186446,2862999643,1346308732,2,2022-12-08,2,2023-02-08 14:57:33
270300361,103893898,1478661598,1624542786,5,2023-05-31,9,2022-10-13 17:23:47
3212849843,3922170132,949386473,1432194119,5,2022-11-05,9,2022-09-03 13:15:59
2199343736,664452543,649498502,1390459574,5,2022-08-07,6,2022-12-01 07:57:58
1493943948,303653796,1273382823,1104918029,5,2022-06-08,9,2022-12-28 06:09:57
2339524528,2194430455,277188469,3413793184,3,2022-03-11,8,2022-10-08 23:57:49
1061190530,1090892435,4007678247,1450261158,3,2022-03-16,3,2023-07-19 16:38:20
3133548798,2193203230,3217877481,2911871049,4,2022-03-16,1,2023-03-31 02:01:19
2071568541,4243593828,473442991,3105137018,2,2022-04-27,2,2023-05-30 09:50:31
1992307962,1830668610,2050620422,2121406922,2,2022-02-28,2,2022-08-06 01:01:21
1072521659,1614371919,2611935907,31523352,6,2022-10-06,9,2023-04-06 05:47:02
3727212499,2261762090,2141683634,3628458711,4,2022-11-29,6,2023-01-25 02:34:33
1217014544,2188582820,3021692382,3096555635,5,2022-03-20,5,2022-01-22 11:08:26
1396000618,2434447009,621173276,4102663684,4,2023-05-14,10,2022-06-07 03:37:46
2458813801,1854758307,3747351757,3478831574,5,2022-02-24,3,2022-12-06 15:53:29
3429216502,1443261495,3200286009,1227821286,2,2023-06-15,3,2023-01-13 03:05:57
4033467531,3025619476,2800904709,2370943152,2,2023-04-29,7,2022-02-03 21:52:29
3387066837,547194194,3908630540,3610422985,5,2023-08-29,5,2022-10-17 03:38:44
3634903721,3416289939,2239869400,3703679803,5,2022-04-10,4,2022-07-13 14:35:47
2966404628,1759278179,3295686474,4126396998,4,2023-07-17,6,2022-11-28 14:54:32
4084263909,3954449618,3870221597,3982037173,3,2023-09-05,7,2023-08-28 21:48:34
3555431446,82658510,804792195,1043660008,5,2022-09-03,1,2022-05-30 21:11:16
3284609399,1298040513,1932394581,3890967553,3,2023-06-09,9,2023-07-19 17:46:32
2215480440,1279318686,2117733979,2761080817,1,2022-09-14,8,2023-04-11 14:12:07
956008269,3400150743,2791577207,2341023594,6,2022-08-13,2,2023-03-10 08:20:59
179723910,1415106960,3200286009,4184872102,3,2023-01-20,8,2022-05-24 13:36:05
65642525,2855589698,1528377152,594338909,5,2023-04-29,9,2022-08-24 22:05:35
2511925601,3574119833,3669005930,823836768,3,2023-02-19,4,2023-07-28 18:19:20
466329129,665734037,621173276,3393369750,4,2023-06-08,9,2023-03-22 08:58:47
554754949,294212290,1665737823,2567881544,1,2023-03-21,5,2023-04-16 05:21:48
1301343397,69014437,3295686474,1758242694,3,2022-05-08,4,2022-04-10 15:47:37
78998502,2759492244,649498502,2929596529,1,2023-02-20,4,2023-03-28 16:46:53
3612849644,3842969135,61866409,575776224,5,2022-10-10,6,2022-09-06 00:32:15
2203595107,2537738127,4007678247,1432194119,6,2023-03-24,5,2022-05-17 20:06:48
3539331242,772054833,2687984959,2571278564,5,2023-05-23,5,2022-04-11 18:21:34
4073533444,3569941938,2522484199,2710244171,3,2023-01-26,4,2023-01-05 12:42:44
2020233056,1672540203,2141683634,1083894818,2,2023-01-13,9,2023-01-17 04:14:06
3041406574,3249826246,2611935907,1013954279,1,2022-10-25,3,2022-07-13 07:23:40
1557946728,1859573283,949386473,2718693348,5,2022-04-09,5,2023-08-27 14:51:09
1403791071,3017049405,1273382823,657008307,5,2023-04-04,7,2023-02-26 10:29:36
853538383,1637837976,2828904918,2468637475,1,2022-03-17,2,2022-10-23 04:37:48
1535384349,4203981985,212362566,1465658447,3,2023-06-03,3,2022-03-15 20:14:51
3797853152,1069067351,1045946954,2121406922,3,2022-06-10,2,2023-01-03 04:17:58
1576886558,2823856960,2050620422,2895381341,6,2023-01-15,9,2023-07-25 07:52:53
1234473706,212655401,1430603129,1450261158,3,2022-08-05,1,2022-06-09 05:35:47
2427447055,101630717,2117733979,226795679,5,2022-02-07,3,2022-10-31 14:09:06
4236444341,3508138418,3021692382,806911449,6,2022-03-29,1,2023-09-07 08:00:43
121186898,3090239379,3747351757,2704903228,4,2022-11-20,10,2022-10-25 16:13:59
83085234,162684366,3730806614,634854714,5,2022-04-09,1,2022-02-10 09:32:25
4049716231,435689506,3907092242,3413793184,5,2023-01-25,9,2022-07-15 22:43:54
1880012271,2945356225,277188469,3703679803,5,2022-06-20,6,2023-01-03 10:11:59
2342539834,2494203172,307510324,1464520610,4,2022-07-20,10,2022-04-24 19:46:52
1186479830,2179306615,1592708283,4032115804,1,2023-07-28,5,2022-11-23 23:51:27
1454647818,1799295402,1453582800,1028093183,2,2022-09-21,3,2022-12-24 09:35:38
2632623744,1505056468,3870221597,1951869915,5,2022-08-14,4,2022-01-21 13:45:22
2720443451,1328775484,2800904709,1027277606,4,2023-08-10,3,2023-04-16 14:42:31
1592221991,2941979742,2674236320,2370943152,6,2022-08-31,6,2023-07-19 00:36:46
4046356625,1410618911,2493820116,4248671221,1,2022-12-31,7,2023-04-13 11:14:53
1458502214,3725060139,473442991,3610422985,6,2023-07-19,10,2023-08-20 20:44:13
3968129072,2955892263,748359439,3151781133,4,2022-10-01,7,2022-02-20 14:13:51
964596999,103039525,3217877481,3364267144,1,2023-05-21,7,2022-09-04 19:10:31
4127789464,3151044333,1932394581,3478831574,5,2023-07-20,10,2022-11-29 04:12:05
3553948679,1474888097,3908630540,1260630246,1,2023-02-25,1,2023-02-19 20:03:28
4099997873,4103595750,1021361037,3220849372,4,2022-07-14,9,2023-06-16 01:44:49
3706073623,2839706255,1478661598,31523352,5,2023-08-04,4,2023-06-19 13:50:58
1050192702,2635370605,3991323989,2208168417,4,2023-04-06,1,2022-03-25 17:09:04
42110759,231476160,797631321,3368910340,4,2023-03-19,7,2023-01-06 01:10:01
4125393175,3856585862,1433564120,2610803243,5,2023-07-19,10,2022-04-17 05:19:45
62898414,887034556,1726958166,2261078060,2,2023-05-01,2,2023-06-05 02:23:12
809542676,2685160648,804792195,47100164,2,2023-08-31,8,2022-09-07 21:20:48
1461107357,719993205,2862999643,1942124562,4,2023-05-08,8,2022-09-29 20:10:58
588360267,3958878263,2781901083,4056567237,2,2022-11-26,8,2023-04-25 02:03:19
631926927,1884414839,2239869400,1090549302,4,2022-11-08,2,2022-05-02 17:12:50
1775724064,496861928,2240823384,1612810483,1,2022-12-25,5,2023-03-01 07:57:48
107446367,1598893407,1932394581,2911006336,5,2023-06-24,1,2023-07-06 15:26:58
3185545239,4147341780,2781901083,3508319114,5,2023-07-30,8,2022-03-10 15:54:23
2809193597,1977220979,748359439,1241367180,6,2023-04-04,5,2023-03-01 14:07:49
748733525,932202750,2862999643,1328058629,3,2023-06-28,10,2023-01-14 18:49:45
238312135,762808680,277188469,1624542786,3,2023-01-19,8,2022-01-24 17:28:14
2133987749,1700229013,2674236320,357966074,6,2023-03-09,6,2022-03-07 03:25:57
1055239254,1703364643,1528377152,2721119947,3,2022-10-13,2,2023-04-08 17:28:26
3003318701,1252940670,3200286009,4248362540,1,2022-11-22,3,2022-04-21 02:36:06
3721812813,2090784238,2117733979,2898507095,6,2022-12-25,9,2023-05-28 20:39:33
4206069415,3792471385,1665737823,1265244188,1,2023-07-27,6,2023-02-20 04:48:56
1896716285,837191267,2687984959,1227821286,3,2022-11-15,6,2023-03-18 08:26:39
2258777787,388074299,649498502,2968497708,5,2022-03-19,6,2022-12-07 08:09:54
3347297462,4282665611,3217877481,3572702184,3,2023-03-11,4,2023-06-01 10:13:56
443850138,4283758787,2239869400,319431410,5,2023-06-18,10,2022-08-19 04:51:21
1248365409,127612758,1478661598,1346308732,4,2023-07-29,7,2022-03-22 13:47:01
308308825,3882660065,621173276,3628458711,4,2022-07-03,9,2022-05-04 11:09:06
311149068,1055673147,3747351757,3668512368,5,2022-07-28,2,2023-07-14 13:28:04
91107670,428036647,473442991,4012449869,2,2023-07-13,4,2023-04-03 23:44:01
1800081054,3383505965,1592708283,3096555635,4,2023-03-14,9,2022-06-22 17:35:54
1372556700,2598652546,2611935907,3105137018,4,2022-08-16,8,2023-07-04 07:51:11
2248158277,795862347,2141683634,4294276196,2,2022-02-10,6,2023-01-30 04:35:55
2362937268,3205459743,3021692382,2065908675,1,2023-01-26,5,2023-08-04 18:15:19
2989034105,3284121971,1433564120,2365781742,3,2022-11-29,10,2023-07-20 13:52:31
879419668,4292968194,2522484199,239491742,4,2022-04-02,4,2022-07-25 12:48:53
3787497339,1329062489,804792195,4017881790,4,2022-07-25,5,2022-08-31 09:02:34
1594122664,4263380853,2800904709,1390459574,5,2022-05-04,5,2022-08-14 10:04:50
4240633597,4225062715,1273382823,4102663684,5,2023-06-30,7,2022-03-29 10:04:44
2762832104,2194475441,2493820116,1610325884,1,2023-02-01,6,2022-06-01 18:43:22
182993468,693737134,1045946954,970845367,3,2022-10-30,3,2022-09-02 11:37:56
3700968871,931209524,1453582800,2911871049,6,2023-06-26,6,2022-07-09 12:24:35
665387190,1862241431,2828904918,1121712404,3,2022-12-16,9,2023-06-29 04:16:38
3685691827,2593147756,3295686474,1515153703,2,2022-10-11,8,2022-02-22 23:25:07
242698343,1029737766,1430603129,4294342016,4,2023-06-05,4,2023-02-04 07:20:49
1499490296,337833624,3730806614,1436366880,3,2022-12-02,3,2022-06-28 09:05:03
2897550151,4291189530,1021361037,1104918029,6,2022-12-24,5,2022-01-24 09:52:35
405594861,1855944347,3991323989,381014247,6,2023-01-30,2,2023-07-24 11:49:30
4040300310,3250346868,1726958166,264778866,5,2022-12-06,9,2023-07-07 13:23:50
4063011571,3545511797,3908630540,1884440903,3,2022-09-09,7,2023-05-02 20:15:05
1908246455,1236686547,2791577207,604487726,2,2023-02-08,1,2023-05-08 23:13:28
1340068059,1344718453,949386473,1666839758,4,2023-08-09,5,2023-03-21 10:41:33
629908267,893706837,61866409,2519905500,1,2022-07-19,5,2023-02-01 22:39:14
1227272736,470549802,797631321,2460454183,5,2022-06-25,9,2022-08-28 13:42:10
1273157159,1254904587,4007678247,2849218319,5,2023-02-04,9,2023-07-26 11:46:37
1278401178,31594624,3669005930,2763894573,2,2022-05-31,1,2023-06-29 18:17:52
2556004805,3319368249,307510324,1090573693,1,2023-02-20,3,2023-02-23 18:20:52
1859247126,2336396149,2240823384,2365781742,4,2023-02-27,5,2022-01-24 05:31:04
671680516,3531660631,2050620422,1028093183,6,2022-09-29,5,2023-08-07 22:59:30
631395609,2261762090,3870221597,4248362540,3,2023-03-18,8,2023-08-29 09:17:43
3922204354,1708211291,3907092242,1241367180,6,2023-08-07,4,2022-12-07 00:46:25
131113913,2488778537,212362566,31523352,4,2022-03-20,7,2022-05-04 01:21:55
1934858341,3457390394,3217877481,1884440903,1,2023-03-12,10,2023-03-21 17:29:42
1396164520,1667285907,3747351757,1951869915,6,2022-01-24,8,2022-12-15 00:04:50
2316078830,1955937318,1665737823,1328058629,2,2022-07-20,3,2022-04-04 14:58:07
1979368919,3155912182,2800904709,1083894818,6,2022-08-17,7,2023-06-26 06:58:12
4064878159,2405628901,4007678247,4184872102,6,2022-06-29,5,2023-08-05 19:14:15
1270494021,2390556723,2050620422,2849218319,6,2022-10-21,3,2022-01-23 14:01:46
3265489091,3744043483,797631321,2895381341,5,2022-11-28,7,2023-03-05 05:16:52
3778057857,3236069289,804792195,2911871049,3,2022-06-14,7,2023-02-12 02:49:50
1444050983,2905836822,2862999643,823836768,3,2022-12-25,9,2022-08-02 14:38:41
1887102938,1397095066,3870221597,575776224,6,2022-08-21,1,2023-04-06 19:40:28
2137483577,2126704931,3021692382,3668512368,5,2022-10-26,10,2022-05-04 10:22:56
931971536,3927872852,3200286009,381014247,4,2022-05-24,7,2022-04-23 06:26:45
494369382,2401865474,1430603129,3151781133,3,2022-11-27,10,2023-07-01 07:52:29
847598168,2103814275,212362566,3096555635,5,2023-01-01,4,2023-09-09 15:09:10
2318457147,1415106960,2828904918,1612810483,5,2022-11-19,9,2022-02-21 20:19:12
3424483363,2047037111,1045946954,634854714,1,2023-04-11,9,2022-03-14 10:22:39
1597716144,236133891,3991323989,1227821286,6,2023-05-19,10,2023-08-21 08:17:58
1714902864,4109682198,2117733979,4294276196,3,2022-08-16,1,2022-12-25 18:44:33
2755449501,3626471974,3908630540,3220849372,3,2023-09-05,7,2023-04-01 06:48:56
1722895667,3090239379,1021361037,2261078060,2,2022-05-26,1,2022-08-27 19:36:32
13612027,337953737,61866409,1043660008,4,2022-05-28,2,2022-02-22 15:09:58
94133442,3842969135,3907092242,3572702184,5,2022-07-02,9,2023-08-15 20:47:42
3199481379,3994772488,1273382823,1265244188,5,2022-05-16,3,2022-02-23 08:20:45
552338543,856323501,2611935907,357966074,6,2023-06-16,3,2023-04-05 23:34:35
2681726603,4186488274,1528377152,4294342016,1,2022-07-26,9,2023-08-04 15:19:15
3526557855,3402720321,2674236320,2929596529,2,2022-08-09,8,2023-07-28 20:38:49
3773619356,3922170132,2791577207,2567881544,4,2023-02-08,1,2022-08-15 14:38:15
1820794109,4120679821,2522484199,3610422985,5,2022-10-22,1,2023-08-27 16:34:07
1827889036,3633622151,3669005930,1610325884,1,2022-06-08,9,2023-03-14 17:35:53
4021979241,2269240017,1932394581,1390459574,4,2023-07-29,6,2022-10-19 01:14:55
2326485761,2486353561,2493820116,2911006336,1,2023-01-11,8,2022-07-08 20:16:45
2408784303,174798221,2687984959,2341023594,2,2023-07-23,1,2023-08-14 03:42:23
3190109547,1063276207,949386473,2610803243,5,2023-08-26,7,2022-05-09 17:30:49
3153826267,429857943,307510324,1942124562,3,2022-01-30,8,2022-01-21 20:43:01
1452570800,1971724966,1453582800,657008307,3,2023-07-30,8,2023-07-30 22:24:48
1870591081,2399570404,1726958166,3105137018,3,2022-01-24,6,2023-06-17 00:35:21
3824604949,3810526452,649498502,2718693348,5,2023-08-18,9,2022-11-18 21:34:33
3788175897,977612678,1433564120,2065908675,1,2023-05-05,5,2023-04-23 06:38:05
3495414552,2038281617,1478661598,1624542786,2,2022-06-10,4,2023-06-21 05:31:27
2706274316,3149449662,277188469,2121406922,2,2022-03-20,4,2023-05-25 07:18:29
4039206228,3574119833,3295686474,1260630246,4,2022-11-23,10,2022-01-26 22:15:06
475756730,2693525397,748359439,2898507095,6,2023-06-25,1,2022-02-02 21:42:38
3624686407,2202977227,1592708283,1432194119,6,2023-08-03,8,2023-02-23 11:24:36
482371712,2830469221,3730806614,2460454183,6,2023-02-01,2,2022-10-04 23:12:07
1973341190,1006785849,2141683634,604487726,6,2022-12-10,6,2022-11-16 09:50:18
343862848,973097709,2781901083,1104918029,6,2023-08-02,4,2022-09-11 04:15:22
3555042485,2857164651,2240823384,2208168417,6,2022-04-15,8,2022-03-26 05:31:47
572864446,2349540376,621173276,2968497708,4,2023-01-30,2,2022-05-28 14:59:11
395678210,714219525,2239869400,1515153703,5,2023-04-01,4,2022-03-04 23:40:46
2342966871,3100980822,473442991,4012449869,3,2023-05-07,8,2022-10-01 05:09:44
3592369238,215592687,3021692382,1666839758,3,2023-09-06,2,2023-08-20 16:42:50
3122880937,3710593234,1592708283,2710244171,2,2023-06-13,9,2023-04-29 19:57:33
3572498417,1474888097,3747351757,4126396998,4,2022-08-22,10,2022-07-30 21:43:26
3370810163,4167844832,1726958166,3413793184,4,2022-12-10,4,2022-04-21 06:13:53
3667864476,2785274129,473442991,1346308732,2,2023-02-23,10,2022-11-12 08:07:49
1828094688,1637076170,649498502,3890967553,5,2023-08-26,10,2023-01-23 21:04:57
1281290052,506874228,2493820116,1758242694,1,2023-03-02,9,2022-08-14 06:05:24
2005800017,2882228976,4007678247,594338909,4,2022-05-16,2,2022-11-21 20:39:18
2799037428,1577799716,621173276,2704903228,1,2022-08-08,3,2022-08-02 10:06:51
1409407902,441191100,1478661598,319431410,5,2023-05-04,4,2023-06-27 13:06:16
2854697501,1395906729,1433564120,2721119947,3,2023-01-27,2,2022-03-15 02:18:46
349225521,772054833,2611935907,4248671221,5,2022-03-21,10,2022-02-07 22:22:06
605651037,4084246488,2791577207,4102663684,1,2022-03-17,1,2022-11-05 11:27:54
3769609170,101630717,1453582800,1090549302,5,2023-01-19,7,2022-05-27 03:34:30
472522388,310996162,3217877481,3982037173,2,2022-06-10,8,2022-04-11 06:00:22
855582433,2995429958,2117733979,3628458711,1,2022-04-19,6,2023-07-08 01:24:47
2848810981,2898575474,1273382823,3364267144,1,2022-03-24,1,2023-01-16 20:35:59
1750187587,1248171419,2674236320,3508319114,6,2022-04-09,5,2022-02-13 11:57:19
3126841209,3793567877,2240823384,239491742,4,2023-06-07,8,2022-03-24 13:16:32
1236628407,3580069709,1045946954,226795679,1,2023-03-23,7,2023-05-23 01:20:44
199174044,821558448,1932394581,4056567237,3,2022-07-05,10,2022-08-15 14:15:04
2405095953,182784442,2050620422,4032115804,4,2023-08-07,6,2022-06-21 16:50:47
3867214287,501447438,748359439,970845367,4,2023-01-25,4,2023-01-15 05:27:19
2261569449,488260415,1021361037,2519905500,4,2022-04-28,5,2023-05-23 14:55:37
1660749001,1464142260,804792195,3478831574,4,2023-05-03,6,2023-02-10 09:35:29
3631004995,1383573636,3991323989,2763894573,6,2023-08-12,10,2023-01-09 05:53:56
601062094,1329213711,3907092242,1465658447,2,2022-05-16,7,2022-02-23 07:23:41
262124880,3196414313,2828904918,806911449,1,2022-08-07,3,2022-11-13 09:45:57
2597647637,804454870,2687984959,47100164,6,2022-09-13,7,2022-06-24 19:10:49
3096935153,2030414388,3908630540,1013954279,1,2022-03-02,3,2023-04-14 06:46:26
2025218127,303653796,1430603129,1464520610,5,2023-08-13,10,2022-12-21 12:14:28
3009761543,2194475441,3730806614,2571278564,6,2023-02-10,3,2023-09-07 01:27:04
2186286977,2897829672,3870221597,1121712404,4,2023-01-19,10,2022-12-24 02:00:50
4173103823,2637606076,277188469,3393369750,3,2022-12-17,9,2023-01-31 11:35:22
1573308740,2580366550,2522484199,2370943152,5,2023-03-14,7,2022-06-11 21:14:37
867870641,1678153258,3200286009,1027277606,1,2022-11-23,5,2023-08-29 00:26:52
1570948900,3874945411,797631321,2468637475,3,2022-02-21,10,2022-08-04 14:28:30
1190336939,2243981551,2141683634,2761080817,4,2023-06-21,7,2022-12-27 06:55:55
3051919899,1140848094,3295686474,1436366880,6,2022-11-07,7,2022-08-18 20:44:18
4241192379,2026469628,949386473,3703679803,4,2023-03-16,5,2022-08-27 05:53:45
2868176162,3030398196,3669005930,264778866,3,2022-11-08,5,2022-12-08 05:07:36
216679178,1559837841,2862999643,3368910340,1,2023-04-15,4,2023-01-02 15:30:30
3078142520,3856585862,61866409,4017881790,3,2023-08-01,2,2022-05-28 03:54:58
3676153114,1349746731,2781901083,1090573693,3,2023-08-22,4,2022-06-04 01:00:08
1838546808,3616465648,1665737823,1450261158,2,2023-03-05,5,2023-09-05 15:16:08
3737260881,1830668610,2239869400,2704903228,5,2022-09-24,6,2022-02-16 23:24:30
239236602,2138858667,1528377152,1090573693,1,2022-12-04,2,2022-04-17 13:18:48
2383858729,2211476508,307510324,2468637475,1,2023-02-21,10,2023-06-29 08:50:57
1904854945,1764206347,212362566,1951869915,1,2023-07-07,8,2022-05-15 01:57:39
1589634709,3797153108,2800904709,3220849372,5,2023-07-26,10,2023-05-25 09:55:49
1956793732,3151044333,748359439,1346308732,2,2022-11-26,8,2023-02-13 00:36:31
584868562,2667112153,1433564120,2065908675,5,2022-06-16,1,2022-06-01 09:04:40
2864959475,3790883051,1453582800,3151781133,2,2023-07-07,9,2022-11-28 10:39:00
4273008269,372785113,2800904709,2370943152,2,2022-11-23,10,2022-12-17 01:40:14
1417344601,511790740,804792195,1436366880,2,2022-07-30,2,2022-02-19 17:25:39
2381362458,1692294378,3747351757,3096555635,1,2023-04-12,8,2023-09-01 03:15:20
1751170873,527454628,1430603129,4294342016,4,2023-03-02,9,2022-03-24 13:14:08
1685917752,2351895465,1478661598,2208168417,5,2022-06-23,7,2023-07-05 03:53:43
1174913520,841183309,3870221597,4056567237,5,2022-09-23,8,2022-05-05 11:32:02
469917313,1041633405,277188469,1104918029,4,2023-06-25,9,2023-04-15 20:52:37
2304391284,1332669040,1932394581,1758242694,5,2022-06-10,10,2022-03-15 03:08:11
2113723547,4140834114,2239869400,47100164,6,2022-06-12,9,2022-05-19 23:59:57
759283708,359779497,797631321,4032115804,3,2023-07-24,4,2022-03-22 05:47:34
3928048829,2181351746,2791577207,319431410,1,2022-04-13,2,2023-08-01 18:56:42
4144590926,1759278179,4007678247,2710244171,2,2023-02-17,9,2022-02-28 14:31:41
548647460,2683934499,2611935907,1265244188,1,2022-06-12,9,2022-02-08 17:29:22
4048919692,1240516338,3021692382,2911871049,5,2022-11-21,6,2023-06-26 12:03:56
1547387343,3569941938,1528377152,1043660008,4,2022-07-31,5,2023-01-31 00:48:10
1783165890,2640076963,307510324,2365781742,4,2023-08-25,6,2023-02-14 05:15:49
4170870690,108132109,2141683634,1515153703,1,2022-05-04,10,2022-03-17 16:44:13
3472454046,2271106508,212362566,2929596529,2,2023-05-02,4,2023-04-06 07:54:39
4239487989,3329116967,2117733979,2567881544,3,2023-08-14,5,2022-03-09 11:01:45
399825003,4189472619,3200286009,1610325884,2,2022-06-05,9,2022-07-17 19:14:16
1164698488,1505056468,1726958166,4248671221,3,2022-12-18,3,2023-01-09 10:29:20
4021614430,699808796,3217877481,3478831574,1,2023-03-30,4,2022-07-20 04:10:26
2537133056,1890073005,473442991,381014247,1,2023-01-23,5,2022-09-15 21:41:45
1420889536,2272963427,2522484199,604487726,2,2022-08-23,3,2022-09-01 07:20:26
1523424976,1133119184,2050620422,2763894573,6,2022-05-23,8,2022-05-11 07:53:48
988372118,1808077375,621173276,2761080817,5,2022-09-25,6,2022-01-21 19:48:21
1884785855,3842547211,649498502,1432194119,2,2023-06-26,2,2022-12-16 18:22:02
919040618,124618043,1045946954,1624542786,2,2022-09-30,1,2022-05-14 10:43:49
2014557311,4282665611,3908630540,1083894818,3,2023-07-31,3,2022-07-31 22:35:10
1939873968,982162661,2493820116,1028093183,4,2022-08-17,1,2023-08-02 00:34:34
1741079928,529764711,3991323989,3703679803,4,2022-10-08,3,2022-10-16 16:49:43
860463648,3165730971,2687984959,1121712404,5,2023-07-04,10,2023-03-12 16:04:50
2136277830,553921529,1665737823,806911449,3,2022-01-25,10,2022-07-08 01:12:54
168744419,3879632069,3669005930,634854714,6,2022-03-01,2,2023-05-08 00:34:27
570291774,928207706,1021361037,4102663684,3,2022-07-04,1,2022-03-25 23:31:23
2004824547,3508138418,949386473,4126396998,3,2022-09-06,9,2022-09-03 01:48:02
3876017888,3768364782,2828904918,594338909,2,2022-11-14,6,2023-05-09 04:59:48
988233705,3765599792,2862999643,2261078060,5,2022-06-19,3,2023-03-19 10:17:41
4000695950,1622251046,2674236320,226795679,3,2022-06-15,9,2023-01-03 18:51:57
2889084258,2730864520,2240823384,1328058629,1,2022-11-14,3,2022-08-01 16:00:34
772153173,2593299992,3730806614,575776224,3,2022-09-01,1,2023-04-07 23:26:48
3171488664,3725060139,2781901083,2721119947,6,2023-06-23,9,2022-03-24 07:18:28
2258364976,286254378,61866409,1241367180,4,2022-05-31,3,2022-08-25 10:39:42
1945466329,3832302328,3295686474,3610422985,5,2022-02-07,9,2022-12-02 03:50:25
2917616729,674565147,3907092242,1027277606,6,2022-10-17,7,2023-03-29 22:30:53
4097572547,3557641609,1592708283,3413793184,3,2023-08-27,2,2022-04-11 01:08:43
3954038079,32251403,1273382823,4184872102,1,2023-03-23,5,2022-04-26 02:30:13
503468944,2127917304,2522484199,31523352,5,2023-06-17,2,2022-07-27 14:15:05
3552198696,3724127088,797631321,1942124562,1,2022-01-28,2,2023-07-01 03:15:53
2087317039,1134501106,1592708283,2718693348,3,2022-12-03,6,2023-01-02 15:08:28
3878398349,1537114317,3730806614,823836768,2,2022-06-13,7,2022-05-07 07:20:11
2809839642,1189743555,2862999643,657008307,6,2022-12-24,10,2023-01-13 23:34:13
1177051896,3575936,3747351757,2519905500,3,2022-08-29,3,2023-08-24 15:30:15
2036622261,3468694201,949386473,3572702184,4,2022-09-28,3,2022-07-08 15:48:23
3240985777,3896183302,212362566,2849218319,1,2023-03-20,1,2022-12-13 00:49:17
3011107977,3686511506,2050620422,1090549302,4,2022-11-30,10,2023-08-26 15:16:25
2156702811,2495645676,1045946954,1884440903,5,2022-01-26,9,2023-06-26 14:34:36
140139514,3170116421,2141683634,2571278564,4,2022-08-12,9,2023-07-08 22:56:14
1525649328,414205332,1528377152,1666839758,2,2023-07-11,4,2023-05-17 17:21:51
2416064447,1386042106,2117733979,1450261158,4,2022-08-17,9,2022-05-07 03:05:02
659637823,1235483764,3870221597,2121406922,5,2023-08-15,1,2022-02-01 03:59:24
3738221537,2558960575,277188469,3368910340,4,2023-09-07,5,2023-03-10 00:39:36
2826361426,1143348272,2240823384,4012449869,3,2023-06-26,8,2022-08-26 08:02:31
1683276326,3884030691,649498502,3890967553,1,2022-08-19,10,2023-08-28 20:41:22
3711756123,2919841593,2800904709,1227821286,5,2022-04-01,2,2022-05-30 02:40:57
1316424718,1689807692,3991323989,264778866,1,2023-07-30,4,2022-08-01 00:27:36
2327507037,1775304128,1478661598,3364267144,1,2022-09-25,8,2022-06-14 16:40:04
3260345795,665734037,1273382823,970845367,6,2023-08-03,8,2023-03-01 09:31:53
1059946702,2434447009,2493820116,3668512368,4,2023-05-16,7,2022-03-31 03:44:52
4225747028,2013595616,3907092242,2968497708,5,2022-04-27,6,2022-04-07 20:25:18
2546347536,2060834346,804792195,4294276196,5,2022-07-21,2,2023-05-02 11:36:07
3580549759,3297837599,3021692382,1013954279,5,2022-01-29,4,2023-05-28 08:27:41
1336209595,2714674725,2674236320,4248362540,2,2023-05-30,8,2022-12-14 21:25:43
3094873093,3534303289,2781901083,3105137018,6,2023-09-08,10,2023-09-02 12:04:56
2920329087,301386576,2828904918,357966074,3,2023-03-04,4,2022-04-20 05:37:36
2776669560,1082366771,748359439,3508319114,2,2022-10-12,7,2022-11-26 19:35:19
3826149901,3553931283,2687984959,4017881790,1,2022-12-18,7,2022-03-11 06:10:46
2230705373,721860451,2791577207,3982037173,2,2022-03-12,10,2022-10-16 18:03:48
4050245851,372533753,1726958166,2341023594,2,2023-05-09,6,2023-04-15 07:47:07
3427300030,2188582820,3908630540,2911006336,6,2023-02-28,7,2023-01-18 02:41:15
3187072520,2939009141,1430603129,1464520610,2,2023-05-06,7,2022-11-06 11:31:48
4060821795,939467330,1665737823,2895381341,2,2023-03-30,9,2022-03-19 12:00:58
790298128,1012858634,3217877481,3393369750,6,2023-03-01,7,2022-08-28 19:18:18
295628164,4276093271,1453582800,2610803243,5,2022-08-04,7,2023-03-17 07:39:45
743040162,2369016371,307510324,1465658447,4,2023-03-26,3,2022-12-31 09:45:41
1282284059,244254450,2239869400,1260630246,1,2023-02-18,9,2023-03-25 19:58:55
3362055286,435689506,61866409,1612810483,5,2022-04-24,4,2022-03-06 01:28:35
3132803772,1655722661,1932394581,1390459574,5,2023-05-13,5,2023-02-16 13:46:08
2680404823,359750173,2611935907,3628458711,6,2023-07-04,4,2022-03-18 03:36:19
3147856894,546613456,621173276,239491742,3,2022-10-24,2,2022-10-13 18:33:28
3087022573,997501356,3295686474,2704903228,4,2023-06-15,1,2022-07-17 04:37:03
3989623759,2120993014,1021361037,357966074,3,2023-01-30,1,2022-08-01 22:22:36
3742265608,1953591435,4007678247,47100164,5,2022-09-04,10,2023-04-20 13:26:52
2228300358,1685130494,3200286009,3703679803,1,2023-04-01,8,2022-07-11 21:02:34
3617512089,4086204203,3669005930,2721119947,6,2023-01-06,1,2023-07-02 08:07:57
1196051607,1792438340,1433564120,3668512368,1,2022-03-02,4,2022-04-10 19:46:12
4195605336,4125011403,473442991,3982037173,5,2022-06-10,10,2022-01-24 10:51:05
