EventID,ClientEventID,InsertDate
425983512,182919128,2022-10-15
4182002046,2241799167,2022-12-10
2967998431,881535970,2023-08-07
763161180,3742963766,2022-04-05
2205073898,3275767359,2023-02-14
276887156,1581272261,2022-05-21
1250054761,2031843093,2023-03-27
679616581,1889362184,2022-04-02
2505273050,994761395,2023-01-07
1663449859,3470648717,2022-06-03
3359980485,3943015836,2022-06-10
24326903,2234526117,2022-03-29
4034300409,81467636,2022-01-27
1467122634,523449238,2022-05-08
3133847040,3659098960,2022-08-06
3240060295,1032404754,2023-07-09
3781909224,4291333793,2022-06-23
1173853126,2742772006,2023-01-03
3778387542,1129117670,2022-02-22
3859125956,502762538,2023-05-01
3343598999,3441905252,2023-08-09
3413456094,1510420765,2023-04-08
3027033601,3073852586,2023-03-02
2965151185,207832543,2022-02-07
214989604,2905279295,2022-09-01
2054067524,1737142821,2022-01-29
3315342266,330114631,2023-06-16
284663916,78234416,2023-05-17
3166082005,1924586942,2023-07-25
2844161427,1710162939,2023-04-18
3073770599,2907679531,2023-02-20
452272312,3749396062,2022-12-10
617101745,1010858442,2022-08-31
2111182063,158746494,2022-03-28
1862336195,4278371752,2022-03-17
622156168,893660023,2023-06-30
1189665803,3389668679,2023-02-21
2131212557,270269014,2022-07-01
1195430177,1956874106,2023-08-10
314102743,1750729444,2022-10-11
2566416710,913829914,2022-03-31
1231710811,1664509624,2022-04-19
2634018933,2107653931,2023-02-04
62793701,2877089313,2023-03-24
3689519628,3079714106,2023-06-04
1752658054,2170213677,2023-09-09
1502874010,380800560,2023-04-21
3336755880,2802211355,2022-11-19
3158889193,391334986,2023-08-09
1845424458,2740271860,2022-05-17
2793391729,4133148754,2022-12-12
3641793739,1161296011,2023-03-27
3809625156,795405146,2022-04-29
133673236,4125627468,2022-08-16
3847844958,3422050747,2022-05-06
2935163751,3172169908,2022-03-19
234903595,1504735893,2022-03-25
2418187675,405543518,2023-06-13
2772964154,706540272,2022-07-10
234276323,1564056982,2022-05-18
3674318180,352470520,2022-09-04
3481346570,4074662811,2022-02-14
3364098307,2286260126,2022-11-30
3885578165,1475902210,2023-03-08
180976198,4113882147,2022-07-06
1735480280,2882581931,2022-12-31
1685750062,4224510043,2023-02-16
3508785690,2511710865,2023-05-29
1532360231,1277678060,2023-03-15
1567303069,3803886453,2023-01-19
3259243356,1301518745,2022-03-28
45099966,1353727743,2022-05-20
2022268047,2996094192,2023-01-24
2134214229,1055859101,2022-10-28
1370977161,2417075743,2023-05-27
139524789,3178582876,2022-03-16
622762238,4172592548,2023-04-01
3602583617,3684656021,2022-03-17
1431138298,1109196960,2023-07-26
1384517242,2203042245,2023-07-04
2627252798,569633015,2023-06-06
3374368187,2013806902,2022-02-22
2854423516,1560600916,2023-04-22
2059447938,3728377730,2023-03-29
1839127591,2784391415,2022-06-19
1966982011,714933295,2022-08-05
2890918802,128157428,2022-07-19
1229972228,3497345089,2022-09-18
1817562238,360028466,2022-02-02
1065682104,2736269731,2022-01-28
4001749756,1648184708,2023-08-26
2957850556,33858468,2022-09-07
31040951,3411693093,2022-09-12
223837763,3621356467,2022-03-18
1103291118,1955533292,2023-05-06
2277997823,3418177385,2022-07-19
1417453594,60596384,2023-01-22
4123183481,4249863736,2022-07-23
1909279811,1604451605,2023-04-26
3736993920,676920135,2022-05-25
1176134715,687758019,2023-04-02
32107667,2061971567,2023-05-16
1331247718,1281054813,2022-09-18
2676229998,2140764481,2022-07-23
2879612226,3002263509,2022-06-20
3303993985,2065537160,2023-01-13
3044858167,2019397687,2023-01-27
3279788370,1812326274,2023-05-31
3456344643,2725402696,2022-05-05
1008647984,3882365984,2023-08-16
3864662844,193135043,2022-02-25
859413921,1335034631,2023-01-25
1591567114,2516856363,2023-03-06
2300503636,3553962624,2023-05-20
2769727339,2837137626,2022-07-23
1498159210,4245437889,2022-04-08
141562155,355636607,2022-07-17
1220183196,1248607109,2022-08-25
3912816430,3215911363,2023-03-08
3572832805,1089999913,2022-06-08
2902787856,3064559501,2022-03-03
1936142304,1525518209,2023-07-01
2500017396,3872470870,2022-10-02
1518974342,2778722446,2023-01-23
1232900840,1342567551,2023-03-04
3765083883,2520469751,2022-08-11
4055284132,3988955453,2023-03-11
1947824106,484631178,2023-04-12
3377998910,2953230869,2023-04-04
1389976802,3153068959,2023-05-19
4008910424,4073912249,2022-07-28
2545280892,2204367628,2022-08-14
1967255684,1049169834,2022-11-16
2015591186,4149828430,2023-01-11
3579554110,2960018395,2022-05-28
999499273,3452969721,2022-03-14
3137533296,3788840706,2023-02-25
1124468283,650967236,2022-08-20
2448877993,2495861446,2023-04-28
379406035,1454462836,2023-08-23
2641033107,1377586257,2023-04-21
1025687006,2753737637,2022-06-03
684397003,558739791,2022-03-22
995110295,3874648629,2023-08-02
669815485,2823142367,2022-12-28
2506376463,2142583499,2022-09-11
3108721228,774135876,2023-06-12
4168097480,1563910345,2023-04-29
1960314234,506664950,2022-08-28
3914632407,2451143488,2023-02-22
132305653,998024795,2023-05-31
4076242353,3691447313,2022-01-28
2526440142,1561559989,2023-08-20
3356876825,3331319560,2023-01-19
1695592086,2739299951,2022-10-24
4157256919,2657544779,2022-10-30
3219269214,2697783643,2022-09-27
809230722,1767010770,2023-07-12
2707128043,3754506568,2022-01-24
2698720439,3200162933,2022-06-09
4157213322,42109160,2022-04-07
4267171142,3076266554,2023-01-07
3207558410,546003410,2022-04-25
2804313705,1375506135,2022-04-07
1543523789,4012947954,2023-06-10
358745387,4259588520,2023-02-16
2947681892,2618208338,2022-07-22
3477618490,1350615876,2023-06-05
2663519769,3918001740,2022-06-21
2895201472,2299982427,2022-11-26
1057407706,2938612928,2022-06-24
2914626273,3800504611,2023-04-25
2127343161,3404225738,2022-09-27
1339338508,3506313871,2023-03-11
1603057999,1352825511,2022-10-03
43966492,4141643997,2022-10-01
432283628,1054060215,2022-03-07
1600010364,1798801351,2022-09-16
2884250827,2364478129,2022-08-31
2820265854,2263060871,2023-06-19
2916429539,3706223981,2022-12-21
2303496644,2136940676,2022-12-13
3976338402,3378227102,2023-04-16
3965332168,146942367,2023-08-28
3844086518,2630644908,2022-05-14
4086242554,554916677,2022-12-05
900887133,2525675078,2022-06-29
2589866926,3427936985,2022-02-19
1637178391,1497926329,2022-05-28
3753245275,1718188139,2022-12-22
27092644,2089783766,2022-02-16
1172680525,4057443291,2023-01-01
2417446014,2683126577,2023-01-11
1219729716,4286398228,2023-05-21
3990659065,1503395121,2022-12-22
855585127,4247946615,2022-06-26
342420250,2947924054,2022-02-10
2426439274,1264536168,2022-08-28
1446919290,3816895512,2023-02-12
2281807554,1497578948,2023-06-16
4002472473,1154773159,2022-02-22
3734544648,4241576745,2022-03-16
3879638938,1718430217,2023-06-18
2162888832,1988849106,2022-09-07
1586742914,2721503282,2022-08-17
894671178,793355720,2023-04-04
786274492,3740115706,2022-02-24
636000209,504403232,2023-01-07
1791020331,2848611060,2022-11-27
3456605767,974157393,2023-06-07
3799443419,4225268021,2023-02-12
4141670694,1163474299,2022-03-01
3540880801,1215405076,2022-09-30
3137143884,3706757925,2022-08-21
2485854546,335568141,2023-03-15
2557638509,4030340567,2022-10-29
4178923670,3117944240,2023-06-04
3913331146,148116592,2023-02-10
1604984361,1047054918,2023-06-07
1725126492,2806644426,2022-03-23
3282626748,1611700371,2023-08-13
2108948682,3404459614,2023-01-16
1331500999,1030941764,2022-02-11
106263563,367220950,2022-05-21
2435538327,1145167147,2022-02-17
1503419367,1573355141,2023-08-25
3206828387,4061810192,2023-06-07
3740607635,3259124773,2022-11-05
507228994,892678027,2022-12-21
3274865622,3172284216,2022-05-25
3074480504,3992510256,2022-03-03
3009561084,3002523434,2022-02-08
3847248079,3000378777,2022-11-08
3175471442,2303456561,2022-07-10
2761925307,2114075829,2022-05-29
1327436149,2966968330,2023-01-18
1324662083,1614342732,2022-02-24
1954694156,2127964823,2023-02-01
4054706588,651712295,2022-02-09
4214042423,2897374267,2022-11-11
576307598,2759149479,2023-04-24
1009939202,1362080815,2023-04-07
3421835028,4224237845,2022-12-13
117253857,1351461666,2023-05-02
468228847,3330765757,2022-06-06
3221027550,3602050789,2022-05-20
2651641817,1791782002,2022-09-17
3088186640,1017702362,2022-02-05
2622075693,3734429996,2023-06-03
948689969,135136917,2023-03-21
1752193390,1625086635,2022-05-27
347118312,695426038,2022-03-04
2252717717,756962665,2023-04-18
295823954,1481728258,2023-06-18
4042724330,1640493818,2023-07-08
1859557490,1160130629,2022-07-25
620428600,1309684656,2023-08-20
2607545604,779180607,2023-07-18
3822137943,2510091290,2022-02-23
836345687,2268873953,2022-08-10
2896767852,927300822,2022-11-18
2080472351,2865507321,2023-06-21
1502123106,3394890226,2023-05-02
1067063434,4092584623,2023-02-15
3530923563,2609974819,2023-03-01
3545393865,3907235564,2022-03-08
1049573808,2193483446,2022-07-10
4244832202,3121142694,2022-03-26
1789508250,607995066,2023-06-03
345164803,2530942676,2022-09-15
2181003663,229156332,2022-09-23
1263081891,2115908247,2023-08-12
1072987362,1651677118,2022-10-01
251421392,4069049025,2022-11-06
3560757909,1042846469,2023-08-05
2692425923,2091076445,2022-07-28
2688817164,1070465684,2022-09-29
882905071,4147480014,2023-05-31
2427082501,3261589685,2022-07-26
969837068,2656275278,2023-02-04
1448474015,2111722533,2022-06-17
2634090116,3130542222,2022-03-17
4259910189,2573273703,2022-01-31
1859856489,1426686382,2022-09-24
2188867660,2798055394,2022-03-24
3541438689,510203145,2022-09-05
3356684914,2527083248,2022-12-11
2293767672,908365815,2022-08-26
3824213786,3040492236,2023-06-09
4199996475,1564060801,2022-05-30
480325558,3060567481,2023-09-05
936066119,2726047448,2023-03-04
2302178175,1607248200,2023-03-04
508220319,2909185736,2023-06-14
3867695515,3805537233,2022-07-31
287832434,1873658013,2023-08-19
4201433566,3385722273,2022-03-01
1419650421,2456757244,2023-06-01
4032623406,3543716209,2023-01-23
1637121680,1675249941,2023-08-10
687403289,2728219509,2022-03-08
3119415671,3718440376,2023-03-09
1941321408,2724775276,2023-04-30
610851427,1559008328,2022-02-13
3592196264,3899229146,2022-12-28
2551238766,1627619255,2023-06-14
4189069078,2688252963,2023-08-29
1771007605,542485188,2023-06-13
746343179,1323111229,2023-08-11
2156254555,3716275475,2022-08-21
2515911827,3469784069,2022-10-24
2814874148,271757620,2022-09-09
3916985889,3955811620,2022-09-20
3636411701,122721983,2022-03-27
3960266619,3277924887,2023-03-10
1950967706,1797234091,2022-06-18
959495968,1164741734,2022-01-23
1854860352,3948133677,2022-03-05
3172108647,2825114814,2023-07-05
761127784,1348105022,2022-05-15
482106784,2512321189,2022-03-19
684460554,1543032544,2023-08-01
2282856961,3846767843,2022-05-23
142228471,3270498817,2022-05-29
2783047180,862483948,2022-04-14
2940741294,146722467,2022-12-26
3096299320,2878548859,2022-09-21
885659170,824964362,2023-04-06
357147229,3534381213,2023-08-24
3008306064,890504022,2022-05-21
3432266649,3082697159,2022-11-30
224276185,650379757,2022-05-24
939402475,1910550663,2022-12-07
1908022665,1693584675,2022-11-12
1979862758,2680965704,2023-01-10
3507282783,313298740,2023-07-02
680069210,3493742910,2023-08-22
2382598449,3187376679,2023-07-09
1625037569,3876104688,2023-09-01
3203289148,783051562,2023-01-13
2334583135,4057706346,2023-09-05
3975378920,4103844077,2023-03-28
3812331991,2181126518,2022-02-20
244415221,1271703479,2022-02-01
2273338664,2918913786,2022-03-20
3486838344,1525421179,2022-06-06
159586280,496205956,2022-07-07
2013438176,3418943274,2023-02-12
1904343012,2302094584,2023-02-28
1406287557,613740549,2023-07-20
1373810338,908614767,2023-05-13
2473334835,1786383227,2023-02-11
594317334,3116419236,2022-03-25
375624066,450639477,2022-08-03
1772637583,919137466,2022-01-24
1293860389,836151299,2022-11-23
3131125373,1371506512,2022-04-01
1267621855,4188996459,2022-01-24
1602575871,261509877,2022-02-12
1717998697,2303119362,2022-12-17
3276200828,3269307028,2022-07-31
44097673,814572448,2022-08-07
1188268332,3054114488,2023-08-21
2647732604,3738717738,2022-11-05
773946971,555244974,2023-03-13
3771882745,3209391413,2022-10-22
3240183375,3725663234,2023-06-12
3072151903,942375366,2023-06-15
3714212370,3743592533,2023-08-28
581199588,2804026437,2022-04-11
104200307,1895494230,2022-11-12
2795681578,1746977281,2022-02-12
317459863,4002566230,2023-07-03
4055633649,1043953503,2023-03-31
3448218699,4242067938,2022-04-08
2471715205,4050151656,2023-06-03
759914363,285341477,2022-02-24
117661211,1906845334,2022-10-08
1822157756,2300110557,2023-01-31
2616471246,539913564,2022-09-26
5424081,3498478840,2023-01-22
3771296983,1891576820,2022-08-11
2165144055,2978433025,2023-04-21
4054058130,2990193954,2022-10-13
2985324546,251450091,2022-11-01
147003823,1984749870,2023-06-30
3719289640,4242141961,2023-02-15
3584039445,931763120,2023-06-06
64549132,2254917516,2023-08-24
4028826099,3365139451,2022-06-17
3239964499,1528731905,2023-04-06
2073280800,85103632,2023-04-21
1636187794,2593255884,2022-04-26
405985648,991611938,2023-05-22
2720495624,2587549495,2022-09-13
3675104334,1709734852,2022-07-06
1071411737,2058684119,2022-03-16
3139593060,112612897,2023-06-23
3605054850,2105939716,2023-06-23
2768851043,3962419781,2022-09-10
3860970284,2512568366,2023-06-12
2368296697,2693704227,2022-06-07
1091654160,4043571937,2022-02-25
582690266,443562381,2023-08-19
1500638050,4037250065,2023-06-23
167896837,498170392,2023-02-22
4030269198,403137111,2022-10-23
3393187442,2968325358,2022-09-02
2670475441,149910459,2022-02-13
2904591385,1549493197,2022-10-22
72159292,3983976694,2022-12-01
2328619862,3714324063,2023-04-18
662733585,2194336011,2023-04-07
2724051060,3797041338,2023-05-08
3769048422,2650208683,2023-02-04
786107613,180561239,2023-08-14
2434211034,3168470655,2022-06-01
1089112667,579954635,2023-04-20
1360232205,293890945,2022-12-10
1996601822,557536153,2022-08-12
2602978119,2182219852,2022-11-18
2174265520,1833123087,2022-04-29
3828887424,1834673756,2022-11-03
2147929630,2115334595,2023-07-07
2874016908,584625721,2022-02-13
4217828438,2257435328,2023-05-28
3585624479,1489688270,2022-12-15
1741694004,1528681226,2022-11-23
1249836029,2147580553,2023-06-15
3054958277,3471896325,2022-02-25
1659886254,461825699,2022-12-01
3660885218,2620643675,2023-07-21
2546519649,2913764476,2022-12-27
447092580,2700724661,2023-09-04
441877034,606772702,2023-08-04
1179761378,3390437559,2022-03-11
1742918690,2010022209,2023-08-28
1925844576,2804019421,2023-05-05
3697910354,1301825933,2022-02-08
2398458638,3263476862,2023-03-09
1623270474,3603262449,2022-03-07
298623920,1659724300,2023-08-31
4024714168,113476012,2022-10-22
3784875500,1920752965,2023-07-19
451183335,1877667211,2023-04-06
138075074,3485671864,2022-11-04
2259168130,3352403328,2022-09-10
809870866,2294835887,2023-03-07
2125711785,846822264,2023-04-14
3517328450,453314599,2023-02-12
2394526361,346944697,2022-11-01
804317285,478031498,2022-04-21
3595900003,4210298959,2023-08-06
4068759199,2208013539,2022-05-24
3518937047,2430918808,2023-01-30
4220098893,3337255700,2023-01-19
217890236,3333175092,2022-02-08
2914114311,3964671695,2022-05-10
2154701352,1021812144,2023-05-16
1220256705,3830276046,2022-02-09
384032871,2411469376,2022-10-06
1858887872,3652386439,2022-01-30
1779914563,4217167524,2023-02-03
3326501122,1574061311,2022-04-02
2002193671,1461681164,2023-01-24
2459888346,1441576904,2023-04-23
2351997823,337112224,2022-03-22
3953962844,3116457613,2023-07-22
2001290861,1086884810,2023-03-30
2833415832,212752718,2023-03-29
1591141792,1200775585,2023-04-22
3807979688,2450226242,2022-07-10
3641941317,3039260655,2022-02-24
2765255912,455842139,2022-07-31
3004213814,2636738272,2022-06-18
3979038486,2183308442,2022-12-07
904113221,516378109,2023-07-23
1276325136,1824287868,2023-04-08
2310667902,4214946824,2023-01-18
2072164896,423370666,2023-06-05
2303077771,1232659112,2023-08-17
1977666328,2277960129,2023-01-15
1380054993,4277051751,2022-11-28
430578944,1470501398,2022-04-17
3419782700,3869155593,2023-04-16
3953635983,2839893638,2022-09-16
1224213759,1688874626,2023-04-07
798056771,2758588873,2023-02-15
737479973,1139686410,2022-12-08
1376584585,3264074431,2023-07-12
1612686988,3776945191,2023-05-21
169150398,3330081855,2023-06-20
4019122414,4190999246,2022-12-08
3182060688,1703829831,2023-05-21
1246946358,1924690696,2022-03-25
280637888,465677289,2022-12-15
1151515112,1408936900,2022-09-04
2746932773,2440136044,2022-11-11
3957522960,1702981368,2023-06-25
669835094,922690527,2022-06-28
4106897546,1809447231,2022-10-18
2679663956,3433778681,2022-07-06
166917858,951476946,2022-07-01
3486297211,2227762631,2022-08-05
4024919265,2352510263,2022-11-30
3555839979,2125243239,2023-08-01
1947869952,1452216867,2023-05-06
1187557945,3153165448,2022-02-05
1942884131,1869813163,2022-12-26
3056718075,2661557281,2022-09-30
642990011,1992683912,2022-03-17
2513311500,1095333949,2023-07-02
104764270,3100334573,2023-02-12
1207868944,3243313354,2023-04-24
1281835109,1381254732,2022-11-08
3625482014,1379967408,2023-02-17
1500368043,416172378,2022-06-28
3406342090,3136805383,2022-06-08
3046783376,3045691807,2023-05-16
2910499612,3005371426,2023-07-23
4009049825,2452212933,2022-06-23
1782754241,22847274,2022-05-25
3315926184,1445027374,2022-11-21
499218542,4211363770,2022-06-14
2044680199,1997214608,2023-06-12
1403625234,4232134137,2023-05-29
3814505952,910708317,2023-04-20
207017531,2411988218,2023-02-21
824895752,3834053725,2022-09-04
1557394824,437716950,2023-07-05
1421624846,1861296561,2023-01-22
1394964341,277655385,2022-03-01
2579375639,443834611,2022-12-09
1342908111,2690349679,2022-01-27
3340279678,841997357,2022-11-29
3209108270,4086406802,2022-06-11
3304589333,3205584807,2023-04-04
770952119,4040660468,2022-10-19
1864053262,1616169460,2023-02-17
1816103252,1406015045,2023-02-10
490394455,3073507848,2022-10-12
3117116776,215348188,2023-03-28
1834011833,2218365054,2022-06-10
1795509582,3359148628,2022-07-05
810596161,4212159892,2022-12-22
2228568547,2195549440,2023-02-21
2000618592,1354975195,2022-07-22
4098027028,220771061,2023-06-28
1472715157,559387349,2022-06-13
3477408519,3214267807,2023-06-26
3399561479,2061447586,2022-12-07
2657315965,3099665696,2022-08-13
484021829,3893195439,2023-02-04
910083192,2350595492,2022-10-31
3542584312,776500831,2023-02-19
1385272787,3112127120,2022-10-20
1592287202,951899730,2022-12-08
4192319750,2076620552,2023-06-13
319810917,295528435,2022-11-20
603604104,1162026875,2023-07-20
2798967915,1075095220,2022-02-23
2661361531,1741250132,2023-09-05
2231170668,622244122,2022-04-13
1684838740,1794713814,2022-03-25
298730493,3354235175,2022-05-14
3854013045,4193958851,2023-06-15
2377173955,1482844886,2023-02-12
87545295,1223246699,2022-09-24
3330991995,4263403929,2023-06-17
377304386,3651738314,2022-02-24
1638674453,3992753774,2022-06-01
2850208686,464947315,2022-08-01
2394560743,766811115,2022-07-31
3193633260,3474167383,2022-06-06
2673274112,2268695478,2022-09-10
3808685896,2460620668,2022-12-21
608348604,3994438181,2022-04-15
4225652017,1852318970,2023-01-28
1665966199,2514947442,2022-05-13
933622837,394660260,2022-12-10
2271959195,4175522234,2023-02-12
4286297926,3493358303,2022-04-05
739913955,1996386655,2022-08-06
3457781755,2396809572,2022-12-17
2072250680,2994697433,2022-12-12
935246405,2980241982,2022-12-19
635115389,2864241635,2023-07-22
1000622499,4033548721,2023-02-11
435592289,1690854866,2023-01-26
1133001264,3340530043,2023-03-19
3709573540,855036633,2023-03-11
1021329369,2466164960,2022-08-18
2519446235,2509567021,2022-03-13
1103952425,45995472,2022-03-04
2866333160,608496042,2022-03-04
3435530430,2112138100,2022-06-04
815710300,1125957830,2023-05-22
2530954059,3730498405,2022-08-09
3824101236,2644883161,2023-03-18
2641260778,813334264,2022-10-22
3662310221,3218223266,2022-03-06
3188985463,3309683595,2022-06-19
1930179520,1171988419,2022-08-17
1923103170,1119460418,2023-05-07
3443744703,729934288,2022-06-15
3109514180,2562833592,2023-03-29
609036080,2969795419,2022-10-15
3288472098,4010167550,2022-09-10
2374598016,1900916018,2022-06-01
2008909355,61564972,2022-01-29
3331034830,4164753067,2023-04-24
2178845626,1991529968,2022-11-22
4253573957,587544,2022-05-25
3233220484,2643720192,2022-06-21
2144336289,1132573834,2023-02-15
1072924591,3226558989,2022-04-21
4078290806,1195921560,2022-08-26
810131152,2552022908,2023-03-12
1500854786,3081267922,2022-06-07
1585884455,2705220259,2023-06-06
720970999,656392572,2022-11-01
784907373,1882734082,2023-07-14
3398840305,1235450936,2023-06-22
2196779515,75777161,2023-05-22
1819728906,3112566852,2023-08-26
1986652380,967598700,2023-01-29
1969072677,2652083419,2023-02-13
3105341183,3894596126,2022-04-28
1937783337,4115964536,2022-06-27
2069300810,628264067,2023-04-23
3048108331,1438415709,2023-01-07
3839588127,3527707963,2023-05-23
700096306,3814130983,2022-10-07
291995460,2481953452,2023-07-20
370772350,2620603101,2022-07-26
3206453289,1175038586,2023-02-03
2234419926,2677390276,2022-06-16
247746742,533579632,2023-09-07
980005690,2516689902,2022-07-01
4249332535,425408312,2023-07-31
3751235780,1662145452,2022-12-15
1387138375,187689350,2022-11-24
3492761259,2463434988,2022-11-18
2088267468,1620776218,2022-12-06
1457608309,1926666582,2022-08-21
308342250,3850968734,2023-08-08
2985019982,241731863,2022-03-18
3114947499,367922550,2023-03-23
1231437939,734862485,2022-05-26
3143834578,1739475693,2023-01-13
2080551087,3145492104,2022-11-18
6038779,3539276946,2022-05-12
2447232442,3571788366,2023-05-06
1367188651,373101428,2023-01-13
4065712796,4139369368,2022-09-06
3488181898,2885924232,2022-03-26
1994638243,2390238742,2022-04-02
3550789976,960345616,2022-11-30
204819579,1603695760,2022-10-01
572467095,1478838958,2023-09-10
1286656443,3842277110,2022-10-23
2302374845,2348833797,2023-02-27
1668892845,3920184194,2023-02-02
1993490380,320545606,2023-06-24
1816065941,3727720810,2022-03-07
1781998245,3316998584,2022-04-28
1128337713,2760490894,2022-08-25
2065732609,2221337977,2023-08-15
2193299529,3311185994,2023-05-24
3490244733,3848365841,2022-12-09
535727245,1594792388,2022-06-18
2823583178,1742156181,2022-03-02
4259265739,156488200,2023-05-30
3644751701,3249834952,2022-06-14
539131086,2259508546,2022-11-07
2816645614,269330606,2022-07-29
3631509755,2479243397,2022-06-21
1408980792,623092652,2023-04-08
855596464,988045818,2022-05-07
1569804527,2177238413,2022-04-10
3859794506,1449323754,2023-01-14
2927998520,3268840994,2022-06-10
3263396748,1839909653,2022-03-02
4033462807,3597537016,2023-03-29
2070847129,4096744772,2023-05-23
4195790253,775701956,2023-02-01
1821981335,203383223,2022-08-16
3131455608,1375865352,2022-06-21
3993961848,3610801031,2023-01-05
4104044616,3718612301,2023-01-01
1727140960,528124375,2022-08-06
3719480435,3190701391,2022-06-01
2742058333,1540930457,2022-07-01
4072569094,292079691,2023-05-27
563668692,1126170524,2022-04-07
1320411306,1717867099,2022-10-19
4166676925,608729159,2023-01-10
2003635940,1263726005,2022-05-15
1997581853,3898419644,2022-07-19
2141933689,3575180915,2022-06-17
1125281033,2064099989,2023-06-29
3297510580,4053968933,2023-08-19
3630964008,1554987208,2023-05-04
810786599,1128249273,2023-01-30
3737667572,2468774483,2023-08-27
736535548,4089530015,2023-07-20
1267088255,3354980935,2023-03-14
3365283514,1768675879,2022-11-27
3506802510,798918531,2022-07-29
2023275845,4078453518,2022-11-23
4135493997,2992861561,2022-11-10
3922097553,109406183,2023-01-26
622595159,3149378466,2022-11-11
3667992691,2388886640,2023-03-28
831821850,1913190194,2022-08-26
1866832598,1649251951,2023-06-10
1769693627,170779578,2023-01-18
148060217,320149289,2023-04-17
3578142759,1429977808,2023-08-20
4079454435,2726292859,2022-06-07
841190086,3815443855,2023-08-22
3847368738,1754272261,2022-11-08
2625525182,24897471,2022-06-12
932668532,3823130377,2022-07-17
1149230191,1917806042,2022-06-22
128153726,1133076062,2022-11-10
2400319660,3222896561,2022-08-18
1195139393,465859265,2023-02-13
1564012603,4251721576,2022-05-14
1038310459,2513207614,2022-09-18
2019068723,85733979,2022-12-04
1620548236,1303465580,2022-06-30
3496925191,3661318650,2022-06-05
2429148122,3088668307,2022-02-14
3463149549,230368235,2022-09-06
1639235012,4189524102,2023-08-28
1817379429,3746930806,2022-01-29
2296902576,743823956,2022-11-07
2780145653,2502748443,2022-07-09
915065226,2706054936,2023-08-25
1558066891,2734993697,2022-08-14
522237521,4190557435,2023-07-07
15674329,2319383638,2023-06-14
4097095283,1226929127,2023-05-06
3183539426,144438979,2022-03-13
1298838302,505144359,2022-07-14
2349294457,3675213186,2022-07-05
542563629,710420489,2022-12-20
3488325080,4199187634,2022-11-15
1003971616,2848367646,2023-03-22
2427666886,2688393595,2022-03-11
1344542832,3467001515,2022-11-09
2164189154,2779277821,2022-04-04
2142575007,3157082572,2022-11-15
1608875815,990937695,2022-08-22
2055445829,957249800,2022-12-28
1100360355,656420728,2022-06-30
2362464341,1932551457,2023-05-16
304196321,3607983537,2023-02-26
1090124233,3889809283,2022-08-02
985331784,3800552185,2023-08-03
2302406922,4180451332,2022-03-01
3322828730,4173934986,2022-01-25
1616297041,2205789562,2022-02-05
2770562482,3920972470,2022-07-20
662661373,1558911265,2023-08-21
325921278,4116223787,2023-01-10
3066476846,2223893696,2023-05-18
392636734,703565597,2022-10-09
1031019922,1545629963,2023-09-05
1816636506,1638064246,2022-07-05
263228662,1134347214,2023-06-15
353474192,2100859477,2022-02-20
3615443752,2674407203,2022-02-12
2940154335,3410218160,2022-05-08
1592257743,2651264276,2023-06-24
961353209,2132978142,2022-09-22
2386821287,1048014270,2023-01-30
2393987969,1808440517,2022-12-23
279420542,918360793,2022-08-29
1210634522,3823846847,2022-12-18
3177603449,1362112854,2022-09-07
48044573,2156580540,2022-03-05
3622929476,2612073567,2023-01-31
1701259714,2350379291,2022-08-08
1352425283,1338147973,2023-04-04
2438517808,1634369265,2023-03-25
2677726551,3713806836,2022-05-08
2956521474,1417799544,2022-12-05
1522709043,596357727,2023-09-04
2061207875,548567937,2022-04-28
3527479185,1607741677,2023-05-25
123576758,2370423885,2022-02-28
3835607402,4056990618,2022-11-10
846379351,549882875,2023-05-17
244666500,2218302897,2023-09-05
2058285204,800911348,2023-06-22
3286630457,25340631,2023-07-19
1476662497,2444635944,2022-03-31
720434406,2682272888,2023-03-23
770910089,1581631496,2023-05-28
4117018484,1019333004,2023-05-27
920677791,841406338,2023-03-30
640221476,398442377,2022-08-07
2274891692,3438622876,2022-08-13
1401080000,7838551,2022-02-23
2491711393,2215824213,2022-09-27
2046000387,522460346,2022-06-05
1152815077,1529506105,2023-04-04
3728663965,981424993,2022-11-20
977090852,1131845365,2022-02-04
3111127765,1532066260,2022-10-15
3966382561,2669813820,2023-06-03
1535041527,2279860990,2022-05-17
4167111973,1629931614,2023-02-07
280370252,3746733974,2022-09-29
1716899819,987090814,2023-04-21
1655265098,4244714893,2022-02-14
2662081889,3223159942,2022-12-15
900701189,3184408883,2022-12-31
2960373591,200088380,2022-06-28
4238911460,871349711,2022-04-01
779364067,2044061551,2022-10-01
3118827558,770975673,2022-12-25
377908212,733096392,2022-12-07
1100239229,2931927886,2023-01-15
496427383,933907768,2023-03-29
1046203487,246317202,2022-08-22
1026939692,3857302167,2022-06-21
2068107227,302919301,2023-04-19
4279868052,1828841228,2023-02-02
3822339152,4242577254,2022-08-04
3402487404,1218773296,2022-08-16
970823062,395861489,2022-10-03
746975723,2675665135,2022-08-18
1115369697,1204834886,2022-11-12
3244344176,2485224127,2023-04-15
4017218753,640139545,2022-08-08
1795095494,4135253254,2022-04-18
117971607,4052704053,2022-08-04
2565007727,2715725185,2023-07-23
4023813632,205997463,2023-07-17
1068950456,8341147,2023-03-19
1824351408,2173540858,2022-06-07
3505455310,2935554517,2023-03-28
3634684254,3924973547,2022-11-03
1347090863,3114711884,2022-09-10
4238160958,105479101,2022-02-26
3131696435,2155389348,2022-04-01
3282257895,464166065,2023-05-04
1525113797,66663071,2023-05-10
2973923572,2574251892,2022-04-30
659909192,4055599645,2022-04-01
3282205193,1364309333,2023-05-22
2266656650,2600527453,2023-01-01
2152378554,1463048863,2022-10-23
1801391020,1525777209,2022-11-11
678347703,3398731444,2022-08-25
3520573836,2807136706,2023-05-24
1136064814,1720696300,2023-07-04
1062267269,1948832646,2023-07-01
2094309499,3930942038,2022-03-20
3352109650,3394371000,2022-10-01
2445936403,347843900,2023-07-18
2236837498,1013691347,2022-05-22
4034921525,464841615,2022-12-21
293431771,1398396233,2023-04-22
3850854689,3581598590,2022-04-28
33798326,1412587332,2023-05-26
2104103485,1255978607,2023-05-14
955197145,1324840489,2023-01-29
48965310,4291952722,2022-04-02
2431138726,3678550997,2022-06-04
1457188154,1940593454,2023-01-19
2216352459,3158061163,2022-06-15
3061265174,1883969554,2023-04-18
2396139814,215824733,2023-02-16
1274559018,3688396814,2022-08-12
3469248149,1582187059,2022-12-03
864934934,4268056017,2022-12-12
3456115173,2255665916,2023-05-25
612138586,1332600142,2022-02-04
1035558022,2579961763,2023-03-01
2065885810,3879641741,2023-04-24
1838852628,3905047466,2023-07-21
3122439445,2124768590,2023-04-21
3241314747,2030991053,2022-03-15
922625057,757002456,2022-11-09
1075307481,1464759495,2022-07-15
340746074,950023721,2023-04-13
1990560804,1880118012,2023-06-29
618414848,594616083,2022-06-11
3530970233,2967386518,2023-04-06
4179215153,3242633626,2022-12-17
2838389044,3944415990,2022-04-11
1531989489,574501884,2023-07-12
3300184575,478861621,2023-02-03
3734773280,2813260003,2022-03-14
1682931191,740205931,2022-11-20
1614292531,3961860051,2022-12-25
32051442,3320555155,2023-01-01
1006508982,86207439,2022-01-30
1556689783,130784219,2023-06-11
3732253615,2597191627,2022-04-26
1539265966,3410096335,2023-01-24
3503542149,3885024127,2023-08-05
1868333171,1584755341,2022-11-28
1917183037,2764528039,2022-07-09
1475644636,362221865,2023-06-20
4119338436,922410565,2023-02-23
729394465,1506983467,2023-04-18
2765500610,966991341,2023-01-30
310090800,500039203,2022-11-10
2656754450,886392393,2022-12-23
86209264,2457933821,2023-02-05
4254176846,169431426,2023-05-08
2161089453,1439281628,2022-12-17
3288393823,3253951527,2023-07-14
3725365142,3369049026,2023-05-05
1819092748,605252248,2022-10-01
2232632136,1448165245,2023-07-03
1245451827,3782516589,2022-06-15
2664553949,3648081464,2022-05-19
4214770069,2513020456,2023-06-28
4206818963,1380900256,2022-05-09
975903992,383126335,2022-05-24
1283103655,1611396260,2023-06-05
2880859879,3673186034,2022-06-04
105245320,4116179923,2023-04-23
1915076990,3167577765,2022-12-07
2293600559,614830256,2022-12-26
1642737822,3060505241,2022-05-13
2036943760,2207846916,2022-04-18
2418751370,3269413168,2022-07-15
4006550,1331990835,2023-04-02
2483095973,314215080,2023-01-18
2023095986,4243623324,2023-04-08
1814342541,483030204,2022-10-24
554720259,2873915757,2022-09-19
862793660,1934019839,2023-02-17
3767987717,1275211670,2022-04-19
4253547810,542951199,2022-03-26
491426469,692560237,2023-02-15
3376481811,246276566,2022-10-01
1709299509,3882224090,2022-12-31
1010454452,954865176,2023-02-27
160119152,4085810343,2022-09-16
2105671314,1663162916,2022-03-15
3364118423,3577376612,2023-08-05
301926448,335401230,2023-07-08
2873754770,3747006035,2022-04-13
3489329666,1111263496,2022-05-29
2798636009,2122095129,2022-02-18
2603699532,2916490026,2022-12-31
3239399649,827125642,2022-06-16
3502977225,2069667360,2023-05-01
2422771784,3776925116,2023-06-07
617771001,2301219922,2022-02-12
1249656302,2622494762,2022-12-05
1835641085,882815096,2023-02-24
924563987,2137771747,2022-08-05
173389938,237335522,2023-04-11
1089666530,1023714132,2022-09-06
615590742,3109631008,2022-02-14
327167007,3767431882,2022-05-09
3555816618,1854140630,2023-07-21
2848890709,3010281801,2023-05-01
2597879664,998447303,2023-05-13
2936933504,3586138588,2022-04-22
1562472132,4190520585,2022-02-12
3523045256,446869728,2023-01-12
185326695,2157292384,2023-05-25
1070804665,2205374138,2023-02-01
2090263201,2134742624,2023-03-23
888882164,3099682656,2023-07-27
562794319,3910942829,2022-11-07
774382946,1312518045,2022-06-12
2331681890,4281800699,2023-03-17
1145846528,1280970761,2022-06-04
1447716856,2355787215,2022-06-11
1770142458,651751548,2023-06-25
3386029526,2620368368,2022-07-30
2161499129,1428408837,2022-07-09
93644094,3607971718,2022-03-17
3162120608,1550812290,2022-11-30
3964818870,3936131178,2022-08-27
1311026601,3778125541,2022-12-14
1223341865,3245112840,2023-06-22
1276609995,2694712194,2023-08-11
331052439,4151732471,2022-03-12
2432191399,4076198142,2023-03-07
821103760,1772541860,2022-01-23
3478548949,3738941538,2022-05-19
208989469,670622617,2022-01-26
3860250687,150877235,2023-05-20
3276007896,240448862,2023-05-28
724651439,3320752435,2022-04-24
106667713,704969121,2022-09-28
1155892562,2710553395,2023-04-15
3772955394,1851587802,2023-03-19
